article_id	level	children	key	title	local_path	status
8225f5f9-eb7c-418a-9aac-4ff9a845ee92	1	74	[1]b	[1]b မဂ္ဂါမဂ္ဂဉာဏဒဿနဝိသုဒ္ဓိ နိဒ္ဒေသ - သမ္မ	vol_5/chinese/[1]b 道非道智见清净释 - 思惟智章/[1]b 道非道智见清净释 - 思惟.md	matched
9826ed28-ea01-476f-b103-6c18a2bcf747	2	0	[1]c	NGP-Vol5-[1]c ကလာပသမ္မသန ခေါ် နယဝိပဿနာ	vol_5/chinese/[1]b 道非道智见清净释 - 思惟智章/[1]c 聚思惟即理观.md	matched
aca2bf6d-d947-48a5-8b61-1304b2b62ec4	2	0	[6]	NGP-Vol5-[6] ထင်ရှားရာ လွယ်ကူရာက စပါ	vol_5/chinese/[1]b 道非道智见清净释 - 思惟智章/[6]从明显易行处入手.md	matched
9fa334d0-2fb1-4975-aac3-d816da134f4f	2	0	[7]a	NGP-Vol5-[7]a သတိပြု၍ မှတ်သားပါ	vol_5/chinese/[1]b 道非道智见清净释 - 思惟智章/[7]a 应注意并记住.md	matched
2624cfed-017e-4699-914f-ad34e3c4d778	2	0	[7]b	NGP-Vol5-[7]b အကြောင်း ဥပါယ်တံမျဉ်	vol_5/chinese/[1]b 道非道智见清净释 - 思惟智章/[7]b 原因与方便.md	matched
12b430d5-69fd-47d0-8e0e-ebdf2cb67286	2	0	[9]a	NGP-Vol5-[9]a ရုပ်နာမ် နှစ်ပါးနည်းအားဖြင့် ရှုနည်း	vol_5/chinese/[1]b 道非道智见清净释 - 思惟智章/[9]a 依名色二法的观照法.md	matched
d52e5400-2517-49c2-bed5-dbdcc19ae9c2	2	0	[9]b	NGP-Vol5-[9]b လက္ခဏာရေး သုံးတန်	vol_5/chinese/[1]b 道非道智见清净释 - 思惟智章/[9]b 三种相.md	matched
b642a164-29c8-4a9c-99ba-6270301b47c8	2	0	[13]	NGP-Vol5-[13] အနိစ္စလက္ခဏာက စ၍ ရှုပုံ	vol_5/chinese/[1]b 道非道智见清净释 - 思惟智章/[13]从无常相开始的观法.md	matched
8b02e4ed-9dd0-476f-af29-089543c26b6c	2	0	[14]	NGP-Vol5-[14] သတိပြုရန် အချက်တစ်ရပ်	vol_5/chinese/[1]b 道非道智见清净释 - 思惟智章/[14]应当注意的一点.md	matched
111f0ee2-07ba-4cfb-a410-41384fff672d	2	0	[15]a	NGP-Vol5-[15]a ဒုက္ခလက္ခဏာ	vol_5/chinese/[1]b 道非道智见清净释 - 思惟智章/[15]a 苦相.md	matched
2290be7f-afb7-436b-aaba-1bf88dd24afb	2	0	[15]b	NGP-Vol5-[15]b အနတ္တလက္ခဏာ	vol_5/chinese/[1]b 道非道智见清净释 - 思惟智章/[15]b 无我相.md	matched
ff908fb6-3a9b-4be9-8de8-7ef0db3efbb5	2	0	[17]	NGP-Vol5-[17] နာမ်တရားများကို ဝိပဿနာ ရှုပုံ	vol_5/chinese/[1]b 道非道智见清净释 - 思惟智章/[17]观照名法的方法.md	matched
b441010f-cdef-49fa-bbca-d9a8cf0bf6ef	2	0	[18]	NGP-Vol5-[18] ရံခါ အဇ္ဈတ္တ， ရံခါ ဗဟိဒ္ဓ	vol_5/chinese/[1]b 道非道智见清净释 - 思惟智章/[18]时而内在，时而外.md	matched
6b092329-bf25-4f1b-9bba-ff44310ca680	2	0	[19]	NGP-Vol5-[19] ရံခါ အဇ္ဈတ္တ ရံခါ ဗဟိဒ္ဓ， ရံခါ ရုပ်တ	vol_5/chinese/[1]b 道非道智见清净释 - 思惟智章/[19]有时观内、有时观外，有时观色、有时观名.md	matched
37450577-144c-4528-87a7-1268939ad7f2	2	0	[21]	NGP-Vol5-[21] သတိပဋ္ဌာန်လေးပါးသို့ ဝင်သွားပုံ	vol_5/chinese/[1]b 道非道智见清净释 - 思惟智章/[21]趣入四念处的方式.md	matched
6f9bf0be-595e-4237-938f-ceed09436b02	2	0	[22]a	NGP-Vol5-[22]a အထူးသတိပြုရန်အချက်	vol_5/chinese/[1]b 道非道智见清净释 - 思惟智章/[22]a 应特别注意的要点.md	matched
dde37087-af9a-404c-8d2b-37ef2b5c0bd6	2	0	[22]b	NGP-Vol5-[22]b ဓမ္မာနုပဿနာ သတိပဋ္ဌာန်	vol_5/chinese/[1]b 道非道智见清净释 - 思惟智章/[22]b 法随观念处.md	matched
1f0ed6e0-dab4-425b-b285-b6296e87117b	2	0	[22]c	NGP-Vol5-[22]c အတိတ် အနာဂတ် ပစ္စုပ္ပန် ကာလသုံးပါး၌ ဝိပဿနာရှုပုံ	vol_5/chinese/[1]b 道非道智见清净释 - 思惟智章/[22]c 于过去未来现在三时中观照的方法.md	matched
e02c39a0-4358-45c6-95ce-351a1e2c9724	2	0	[25]	NGP-Vol5-[25] ခန္ဓာ (၅) ပါး ရှုနည်း	vol_5/chinese/[1]b 道非道智见清净释 - 思惟智章/[25]五蕴的观法.md	matched
48f4ec6b-fb9b-4532-93c8-16fd4148ca54	2	0	[29]	NGP-Vol5-[29] ဩဠာရိကရုပ် - သုခုမရုပ်	vol_5/chinese/[1]b 道非道智见清净释 - 思惟智章/[29]粗色 - 细色.md	matched
535fc195-875c-4aea-b850-96f797d75071	2	0	[30]	NGP-Vol5-[30] ဟီနရုပ် - ပဏီတရုပ်	vol_5/chinese/[1]b 道非道智见清净释 - 思惟智章/[30]劣色 - 殊胜色.md	matched
bb1702ea-67f9-4710-94bd-9222cd7558f2	2	0	[31]	NGP-Vol5-[31] ဒူရရုပ် - သန္တိကရုပ်	vol_5/chinese/[1]b 道非道智见清净释 - 思惟智章/[31]远色 - 近色.md	matched
bfeda6b4-8137-4830-8b97-dd350c483062	2	0	[34]a	NGP-Vol5-[34]a ဩဠာရိက ဝေဒနာ - သုခုမ ဝေဒနာ	vol_5/chinese/[1]b 道非道智见清净释 - 思惟智章/[34]a 粗受 - 细受.md	matched
4bd4710f-b6f4-4d4f-a544-76faeed68bba	2	0	[34]b	NGP-Vol5-[34]b ၁။ ဇာတိ = ဇာတ်၏ အစွမ်းဖြင့် ဩဠာရိက သုခုမ ဖြစ်ပုံ	vol_5/chinese/[1]b 道非道智见清净释 - 思惟智章/[34]b 一、依生的力量而成为粗细的情形.md	matched
718ae7d5-806f-44d9-b216-001d8fa7dac1	2	0	[37]	NGP-Vol5-[37] ၂ ။ သဘာ၀၏ အစွမ်းဖြင့် ဩဠာရိက သုခုမ ဖြစ်ပုံ	vol_5/chinese/[1]b 道非道智见清净释 - 思惟智章/[37]二、依自性之力而成为粗、细的情形.md	matched
817a1b59-edf5-4088-a693-3aa0ce478ba2	2	0	[38]a	NGP-Vol5-[38]a လှုပ်ရှားမှု - ချောက်ချားမှု	vol_5/chinese/[1]b 道非道智见清净释 - 思惟智章/[38]a 动摇 - 扰动.md	matched
ac867998-2527-4e48-8088-2a4386f71f5a	2	0	[38]b	NGP-Vol5-[38]b ၃။ ပုဂ္ဂိုလ်၏ အစွမ်းဖြင့် ဩဠာရိက သု	vol_5/chinese/[1]b 道非道智见清净释 - 思惟智章/[38]b 三、依人而成粗细.md	matched
3ae74bd9-623f-4cb0-8e75-6a2a1b3e5c71	2	0	[39]a	NGP-Vol5-[39]a ၄။ လောကီ လောကုတ္တရာ၏ အစွမ်းဖြင့် ဩဠာ	vol_5/chinese/[1]b 道非道智见清净释 - 思惟智章/[39]a 四、依世间出世间而成粗细的情形.md	matched
aaf51a4d-1c31-4f07-ba52-fa6af46bb64a	2	0	[39]b	NGP-Vol5-[39]b ရှောင်ရှားသင့်သော အချက်	vol_5/chinese/[1]b 道非道智见清净释 - 思惟智章/[39]b 应当避免的要点.md	matched
be7d1429-53fc-4ab5-9e28-2a53279c1c87	2	0	[40]	NGP-Vol5-[40] အချင်းချင်း ထောက်ဆ၍ ထောက်ဆ၍ ဩဠာရိက သုခုမ ယူပုံ	vol_5/chinese/[1]b 道非道智见清净释 - 思惟智章/[40]互相推度判定粗细的方法.md	matched
adde3d53-7337-4aed-bf2e-2e7bbcb9db70	2	0	[41]	NGP-Vol5-[41] တစ်နည်း ဩဠာရိက သုခုမ ခွဲပုံ	vol_5/chinese/[1]b 道非道智见清净释 - 思惟智章/[41]另一种划分粗细的方式.md	matched
0bba0d77-f5d9-4435-8476-40ef22c83e51	2	0	[43]a	NGP-Vol5-[43]a ဟီန - ပဏီတ = အယုတ် - အမြတ်	vol_5/chinese/[1]b 道非道智见清净释 - 思惟智章/[43]a 劣 - 殊胜 = 卑劣 - 高尚.md	matched
3ebd0480-1780-42f6-89c4-9fc190df3341	2	0	[43]b	NGP-Vol5-[43]b ဒူရ - သန္တိက = အဝေး - အနီး	vol_5/chinese/[1]b 道非道智见清净释 - 思惟智章/[43]b 远 - 近 = 远 - 近.md	matched
b241d044-9b38-45f6-bd27-a1db58ee64ef	2	0	[43]c	NGP-Vol5-[43]c သင်္ခါရက္ခန္ဓာ	vol_5/chinese/[1]b 道非道智见清净释 - 思惟智章/[43]c 行蕴.md	matched
4eec6b36-2948-4274-b9c1-468c6139b7f4	2	0	[44]	NGP-Vol5-[44] အကျုံးဝင်နိုင်ပုံ	vol_5/chinese/[1]b 道非道智见清净释 - 思惟智章/[44]能够涵摄的方式.md	matched
bb7243e2-0900-461c-a9ba-c43ce2d47cbf	2	0	[45]	NGP-Vol5-[45] နာမ်ခန္ဓာ လေးပါး	vol_5/chinese/[1]b 道非道智见清净释 - 思惟智章/[45]四种名蕴.md	matched
455dc83a-2dd3-46e9-910a-ddbdd6198329	2	0	[45]b	NGP-Vol5-[45]b ရူပက္ခန္ဓာ၌ ခွဲ၍ ရှုပုံ	vol_5/chinese/[1]b 道非道智见清净释 - 思惟智章/[45]b 在色蕴中分别观照的方法.md	matched
720f08cd-693f-42c6-8d7e-797486a84870	2	0	[47]	NGP-Vol5-[47] လက္ခဏ၀ဝတ္ထာန ဝါရ = အနိစ္စသမ္မသန， ဒု	vol_5/chinese/[1]b 道非道智见清净释 - 思惟智章/[47]相之确立篇 = 无常思惟、苦思惟、无我思惟.md	matched
6148342e-1a82-458b-8283-2e3174a61f08	2	0	[47]b	NGP-Vol5-[47]b သီဟောပမသုတ္တန်	vol_5/chinese/[1]b 道非道智见清净释 - 思惟智章/[47]b 狮子喻经.md	matched
8128965a-f387-4301-9b77-e2d3098e1362	2	0	[50]a	NGP-Vol5-[50]a သင်္ခါရဒုက္ခသည်သာ လိုရင်းဖြစ်သည်	vol_5/chinese/[1]b 道非道智见清净释 - 思惟智章/[50]a 唯有行苦才是根本.md	matched
ca470ddc-bb33-4808-876b-04a249526ad1	2	0	[50]b	NGP-Vol5-[50]b သမ္မသနအပြား	vol_5/chinese/[1]b 道非道智见清净释 - 思惟智章/[50]b 思惟的种类.md	matched
be187ecf-cbdb-4f1a-bf10-4f85bd25ba1d	2	0	[51]	NGP-Vol5-[51] အနိစ္စာနုပဿနာ ပရိယာယ်	vol_5/chinese/[1]b 道非道智见清净释 - 思惟智章/[51]无常随观的异名.md	matched
e741d929-4a86-4352-bfc4-3acfb15b8f33	2	0	[52]a	NGP-Vol5-[52]a ရှုပုံစနစ်	vol_5/chinese/[1]b 道非道智见清净释 - 思惟智章/[52]a 观照的方法.md	matched
bd158d61-51ff-4f0a-aa4e-6a80c515c5f2	2	0	[52]b	NGP-Vol5-[52]b အာယတန (၁၂) ပါးနည်း， ဓာတ် (၁၈) ပါးနည်	vol_5/chinese/[1]b 道非道智见清净释 - 思惟智章/[52]b 十二入处法、十八界法.md	matched
b794b131-0079-4ee1-a93c-1996f512ed02	2	0	[53]	NGP-Vol5-[53] သဠာယတနဝဂ္ဂသံယုတ်ပါဠိတော် ရှုကွက်များ	vol_5/chinese/[1]b 道非道智见清净释 - 思惟智章/[53]《六处品相应》圣典中的诸观照法.md	matched
b7fed1b8-1a95-4bf0-9a66-77922eb7bbba	2	0	[54]	NGP-Vol5-[54] သတိပဋ္ဌာန်ကျင့်ထုံး ဥပဒေသများ	vol_5/chinese/[1]b 道非道智见清净释 - 思惟智章/[54]念处修法的种种教示.md	matched
34ec98bc-6bd9-4259-bef5-28a52816cbcb	2	0	[55]	NGP-Vol5-[55] ဝေဒနာနုပဿနာ သတိပဋ္ဌာန်	vol_5/chinese/[1]b 道非道智见清净释 - 思惟智章/[55]受随观念处.md	matched
9eff255b-dcd0-42b8-a9db-9ca9cc845a1f	2	0	[56]	NGP-Vol5-[56] လွယ်ကူသော စနစ်တစ်ခု	vol_5/chinese/[1]b 道非道智见清净释 - 思惟智章/[56]一个简易的方法.md	matched
fd9029d1-9298-4c84-b6c7-d6f539c1a81f	2	0	[57]a	NGP-Vol5-[57]a စိတ္တာနုပဿနာ သတိပဋ္ဌာန်	vol_5/chinese/[1]b 道非道智见清净释 - 思惟智章/[57]a 心随观念处.md	matched
b0068049-b6b4-49f9-94af-d1ba9c7432b5	2	0	[57]b	NGP-Vol5-[57]b ဓမ္မာနုပဿနာ သတိပဋ္ဌာန်	vol_5/chinese/[1]b 道非道智见清净释 - 思惟智章/[57]b 法随观念处.md	matched
05c9209a-767e-4a61-8198-98dab1c48279	2	0	[58]a	NGP-Vol5-[58]a အတိတ်， အနာဂတ်， ပစ္စုပ္ပန်	vol_5/chinese/[1]b 道非道智见清净释 - 思惟智章/[58]a 过去、未来、现在.md	matched
a06775fa-456d-43a2-b6e3-0760c7bed1e6	2	0	[58]b	NGP-Vol5-[58]b အသုဘ ဘာ၀နာ	vol_5/chinese/[1]b 道非道智见清净释 - 思惟智章/[58]b 不净修习.md	matched
792b3a2b-74b0-4b58-8263-c50b45bf8e0b	2	0	[58]c	NGP-Vol5-[58]c သမ္မောဟဝိနောဒနီ အဋ္ဌကထာနှင့် မူလဋီကာ	vol_5/chinese/[1]b 道非道智见清净释 - 思惟智章/[58]c 《迷惑冰消》义注与根本复注.md	matched
fa0aa62b-88bc-4215-9c95-30d155c77175	2	0	[59]	NGP-Vol5-[59] အနုပါဒိန္နက ပက္ခ	vol_5/chinese/[1]b 道非道智见清净释 - 思惟智章/[59]非执取分.md	matched
df8d0d57-3de8-41f0-95f6-b0bd18c74122	2	0	[60]	NGP-Vol5-[60] စေတိယပဗ္ဗတဝါသီ မဟာတိဿထေရ်	vol_5/chinese/[1]b 道非道智见清净释 - 思惟智章/[60]住佛塔山的大帝思长老.md	matched
67c1404e-53c5-4884-8393-4f2c4909245c	2	0	[61]	NGP-Vol5-[61] အရဟတ္တဖိုလ်သို့ ဆိုက်ရောက်တော်မူပုံ	vol_5/chinese/[1]b 道非道智见清净释 - 思惟智章/[61]证得阿拉汉果的经过.md	matched
8109633d-511e-4dd2-9237-376e2fec41f5	2	0	[62]a	NGP-Vol5-[62]a သဝိညာဏကအသုဘ - အဝိညာဏကအသုဘ	vol_5/chinese/[1]b 道非道智见清净释 - 思惟智章/[62]a 有意识的不净 - 无意识的不净.md	matched
3a8ca25f-4dc4-4f61-bc4c-6d2521f0d30d	2	0	[62]b	NGP-Vol5-[62]b သမထနှင့် ဝိပဿနာ	vol_5/chinese/[1]b 道非道智见清净释 - 思惟智章/[62]b 止与观.md	matched
15292c6e-8bbc-42b0-9a5d-eed2f04e1303	2	0	[62]c	NGP-Vol5-[62]c ဟတ္ထေဂဟိတပဥှဝတ္ထု = လက်ကိုကိုင်၍ ပြေ	vol_5/chinese/[1]b 道非道智见清净释 - 思惟智章/[62]c 握手所说之事 = 握着手而讲说的故事.md	matched
c61f4930-9d92-4ae8-85f9-4ffed1722f35	2	0	[62]d	NGP-Vol5-[62]d သဘာဂ - ဝိသဘာဂ	vol_5/chinese/[1]b 道非道智见清净释 - 思惟智章/[62]d 同分 - 异分.md	matched
cb472465-3701-4026-a67a-e2beb4a0e7a2	2	0	[64]	NGP-Vol5-[64] ဝိပဿနာပိုင်း အဝိညာဏကအသုဘ = သေအသုဘ ရှုကွက်	vol_5/chinese/[1]b 道非道智见清净释 - 思惟智章/[64]观篇 无识不净 = 死尸不净 观照法.md	matched
bc244233-8a52-4a5f-8d3f-729fe1c2d113	2	0	[66]	NGP-Vol5-[66] သူသေကောင် (၉) မျိုး	vol_5/chinese/[1]b 道非道智见清净释 - 思惟智章/[66]九种死尸.md	matched
1006f168-3e2b-42f7-9362-03aa5f5e2cf1	2	0	[67]a	NGP-Vol5-[67]a လက္ခဏာယာဉ် တင်ပါ	vol_5/chinese/[1]b 道非道智见清净释 - 思惟智章/[67]a 请架设特相之车.md	matched
fcb069c8-9749-45be-8d0e-774bc77c48dd	2	0	[67]b	NGP-Vol5-[67]b ခြွင်းချက် အနည်းငယ်	vol_5/chinese/[1]b 道非道智见清净释 - 思惟智章/[67]b 若干例外.md	matched
67bce438-5df5-4541-8298-c3e788764201	2	0	[68]a	NGP-Vol5-[68]a အခက်အခဲတစ်ရပ်	vol_5/chinese/[1]b 道非道智见清净释 - 思惟智章/[68]a 一个难处.md	matched
fd801e60-6da3-460f-b792-587d160e138d	2	0	[68]b	NGP-Vol5-[68]b ရာဂကို တိုက်ဖျက်ရေး	vol_5/chinese/[1]b 道非道智见清净释 - 思惟智章/[68]b 摧毁贪欲.md	matched
93758291-d94d-4c43-a620-36d3f7a1ea1d	2	0	[69]	NGP-Vol5-[69] သဝိညာဏကအသုဘ = ရှင်အသုဘ ရှုကွက်	vol_5/chinese/[1]b 道非道智见清净释 - 思惟智章/[69] 有识不净 = 活体不净 观照法.md	matched
669d07bf-bd62-4c70-b93a-e9527d54900b	2	0	[70]	NGP-Vol5-[70] ၃။ ရုပ်ပရမတ်တရားတို့ကိုလည်း အသုဘရှု	vol_5/chinese/[1]b 道非道智见清净释 - 思惟智章/[70]也将诸色究竟法作不净观照的方法.md	matched
e52a9afe-af23-48c0-88c3-c1d91f34aa59	2	0	[71]a	NGP-Vol5-[71]a အာဒီနဝါနုပဿနာ	vol_5/chinese/[1]b 道非道智见清净释 - 思惟智章/[71]a 过患随观.md	matched
e7c77f05-6710-47c7-803d-b1b200aaa38f	2	0	[71]b	NGP-Vol5-[71]b သမထနှင့် ဝိပဿနာ	vol_5/chinese/[1]b 道非道智见清净释 - 思惟智章/[71]b 止与观.md	matched
92b1b15f-ee2b-4aa8-aeaa-9b7673b0e402	2	0	[72]	NGP-Vol5-[72] နာမ်တရားတို့၏ အသုဘသဘော	vol_5/chinese/[1]b 道非道智见清净释 - 思惟智章/[72]名法的不净性质.md	matched
51c07e19-193f-438e-a71f-84acdb10c3d3	2	0	[73]	NGP-Vol5-[73] အဋ္ဌကထာကြီးများ၏ သတ်မှတ်ချက်	vol_5/chinese/[1]b 道非道智见清净释 - 思惟智章/[73]诸大义注的判定.md	matched
2de1dc09-75c4-4a55-b196-6b8a44487edb	2	0	[74]	NGP-Vol5-[74] ရုပ်-နာမ် တွဲ၍လည်း ရှုပါ	vol_5/chinese/[1]b 道非道智见清净释 - 思惟智章/[74]也将色与名配对观照.md	matched
6e884920-9bce-485d-914d-f892e55683ca	2	0	[75]	NGP-Vol5-[75] ပဋိစ္စသမုပ္ပါဒ် အင်္ဂါရပ်များ	vol_5/chinese/[1]b 道非道智见清净释 - 思惟智章/[75]缘起诸支.md	matched
4e52e92f-6228-425b-87b2-a0eb6c409bff	2	0	[76]a	NGP-Vol5-[76]a တော (၄၀) ရှုကွက်	vol_5/chinese/[1]b 道非道智见清净释 - 思惟智章/[76]a 四十种观照角度.md	matched
7f7c1199-3e7a-4b1f-8ee6-8c7b3f5e2b4b	1	9	[76]b	[76]b အနိစ္စလက္ခဏာ (၁၀) ချက်.md	vol_5/chinese/[1]b 道非道智见清净释 - 思惟智章/[76]无常相（十）项/[76]b 无常相（十）项.md	matched
d7049378-f6c5-4e10-a70a-fc500ca91ab3	2	0	[77]a	[77]a ၁။ အနိစ္စတော.md	vol_5/chinese/[1]b 道非道智见清净释 - 思惟智章/[76]无常相（十）项/[77]a 一、就无常而言.md	matched
5f9f34ce-5f77-4e81-b21e-94942934128e	2	0	[77]b	[77]b ၂။ ပလောကတော.md	vol_5/chinese/[1]b 道非道智见清净释 - 思惟智章/[76]无常相（十）项/[77]b 二、败坏.md	matched
61d6aa2e-9cc6-410d-9f14-25ef7b085a8d	2	0	[78]a	[78]a ၃။ စလတော.md	vol_5/chinese/[1]b 道非道智见清净释 - 思惟智章/[76]无常相（十）项/[78]a 三、动摇.md	matched
030e2a8a-2468-45da-9bc9-3772ea6d1388	2	0	[78]b	[78]b ၄။ ပဘင်္ဂုတော.md	vol_5/chinese/[1]b 道非道智见清净释 - 思惟智章/[76]无常相（十）项/[78]b 四、坏散.md	matched
aee4e9c6-3542-48c1-9339-6b925e3468d4	2	0	[79]	[79] ၆။ ဝိပရိဏာမဓမ္မတော.md	vol_5/chinese/[1]b 道非道智见清净释 - 思惟智章/[76]无常相（十）项/[79]六、变易法.md	matched
ba32971a-7a9e-481e-9339-f586bcd9f041	2	0	[79]b	[79]b ၇။ အသာရကတော.md	vol_5/chinese/[1]b 道非道智见清净释 - 思惟智章/[76]无常相（十）项/[79]b 七、无实质.md	matched
df6c2ae6-ad9d-4e67-83bd-3f80eacb4463	2	0	[79]c	[79]c ၈။ ဝိဘ၀တော.md	vol_5/chinese/[1]b 道非道智见清净释 - 思惟智章/[76]无常相（十）项/[79]c 八、就灭尽而言.md	matched
01712eec-7bec-4f19-b1ab-99fa60f8e976	2	0	[80]	[80] ၉။ မရဏဓမ္မတော = မစ္စု.md	vol_5/chinese/[1]b 道非道智见清净释 - 思惟智章/[76]无常相（十）项/[80]九、就死法而言 = 死殁.md	matched
2ad2d4dd-3c6f-4329-9ca1-548c687beda7	2	0	[80]b	[80]b ၁၀။ သင်္ခတတော.md	vol_5/chinese/[1]b 道非道智见清净释 - 思惟智章/[76]无常相（十）项/[80]b 十、就有为而言.md	matched
f8b90b20-8a16-456d-bf65-c5f60b317175	1	22	[96]	[96]အနတ္တလက္ခဏာ (၅) ချက်.md	vol_5/chinese/[1]b 道非道智见清净释 - 思惟智章/[96]无我相（五）项/[96]无我相（五）项.md	matched
e66bc331-6ae0-4f41-ac75-4b4fcdff8267	2	0	[97]a	[97]a ၁။ အနတ္တတော.md	vol_5/chinese/[1]b 道非道智见清净释 - 思惟智章/[96]无我相（五）项/[97]a 一、无我.md	matched
e0542912-6b8c-48fb-9436-14b5aa98bead	2	0	[97]b	NGP-Vol5-[97]b ၂။ ပရတော.md	vol_5/chinese/[1]b 道非道智见清净释 - 思惟智章/[96]无我相（五）项/[97]b 二、他.md	matched
575f1b34-2f90-4a81-b454-b607c27cb622	2	0	[98]a	NGP-Vol5-[98]a ၃။ ရိတ္တတော.md	vol_5/chinese/[1]b 道非道智见清净释 - 思惟智章/[96]无我相（五）项/[98]a 三、空虚.md	matched
69edc38b-45ba-4874-8dd1-fd986e676c52	2	0	[98]b	NGP-Vol5-[98]b ၄။ တုစ္ဆတော.md	vol_5/chinese/[1]b 道非道智见清净释 - 思惟智章/[96]无我相（五）项/[98]b 四、虚空.md	matched
eb189e29-bab5-49fb-b288-5fc822763835	2	0	[99]	NGP-Vol5-[99] ၅။ သုညတော.md	vol_5/chinese/[1]b 道非道智见清净释 - 思惟智章/[96]无我相（五）项/[99] 五、空.md	matched
fab2ef28-e019-4812-afdd-a9dcde7e4e4a	2	0	[100]	NGP-Vol5-[100] ကိုယ့်တွက်ကိုယ်တာ ကျင့်ကြံပါ.md	vol_5/chinese/[1]b 道非道智见清净释 - 思惟智章/[96]无我相（五）项/[100]为自己的利益而修行吧.md	matched
98625f7b-3bf1-42fb-9165-167021eead5e	2	0	[101]	NGP-Vol5-[101] ဣန္ဒြေ ထက်မြက်ကြောင်းတရား (၉) ပါး.md	vol_5/chinese/[1]b 道非道智见清净释 - 思惟智章/[96]无我相（五）项/[101]令诸根敏锐之九法.md	matched
617c890b-73a9-4dd2-bd02-b091123db102	2	0	[105]	NGP-Vol5-[105] ရှုလို့ရနိုင်ပါသလား.md	vol_5/chinese/[1]b 道非道智见清净释 - 思惟智章/[96]无我相（五）项/[105]能观得到吗.md	matched
ad72ebdb-f4d5-4777-90b2-86c33f37c77e	2	0	[106]	NGP-Vol5-[106] အရူပနိဗ္ဗတ္တိပဿနာကာရ (ဝိသုဒ္ဓိ၊၂၊၂၅၂.md	vol_5/chinese/[1]b 道非道智见清净释 - 思惟智章/[96]无我相（五）项/[106]观见名法生起之行相.md	matched
af84674f-f4a9-4d67-9bad-2f2c97d322a2	2	0	[108]	NGP-Vol5-[108] ဉာဏ်၏ အာနုဘော် ကြီးမားပုံ.md	vol_5/chinese/[1]b 道非道智见清净释 - 思惟智章/[96]无我相（五）项/[108]智的威力何其巨大.md	matched
534b96ca-0447-4b21-8687-d72d33b04608	2	0	[110]	NGP-Vol5-[110] ပညာဘာ၀နာ ပြည့်စုံနိုင်ပါသည်.md	vol_5/chinese/[1]b 道非道智见清净释 - 思惟智章/[96]无我相（五）项/[110]慧修习能够圆满.md	matched
0aace108-a8cd-47d2-a8d0-5d489d3a0439	2	0	[110]b	NGP-Vol5-[110]b ရှေးဟောင်းလမ်းရိုးကြီးသာ ဖြစ်သည်.md	vol_5/chinese/[1]b 道非道智见清净释 - 思惟智章/[96]无我相（五）项/[110]b 唯是古道旧辙.md	matched
4e96477e-5067-40e8-93a4-eb304b237e1b	2	0	[112]	NGP-Vol5-[112] အနတ္တလက္ခဏသုတ္တန် ဒေသနာတော်.md	vol_5/chinese/[1]b 道非道智见清净释 - 思惟智章/[96]无我相（五）项/[112] 无我相经教法开示.md	matched
71383715-b19f-40d6-b093-cb4bb0781b0c	2	0	[114]	NGP-Vol5-[114] အနတ္တလက္ခဏသုတ္တန်ဒေသနာတော် မြန်မာပြ.md	vol_5/chinese/[1]b 道非道智见清净释 - 思惟智章/[96]无我相（五）项/[114] 无我相经教法开示·缅译.md	matched
2a26a1d1-b95e-4f06-809d-56885b19d4e7	2	0	[119]	NGP-Vol5-[119] အရှင်မဟာမောဂ္ဂလ္လာန်မထေရ်မြတ်ကြီး.md	vol_5/chinese/[1]b 道非道智见清净释 - 思惟智章/[96]无我相（五）项/[119] 尊者马哈摩嘎喇那大长老.md	matched
e6484fd5-82cc-4a0d-a764-8bb367de8037	2	0	[120]	NGP-Vol5-[120] အရှင်သာရိပုတ္တကိုယ်တော်မြတ်ကြီး.md	vol_5/chinese/[1]b 道非道智见清净释 - 思惟智章/[96]无我相（五）项/[120] 尊者沙利子大长老.md	matched
f09b3396-aacf-4d3b-b375-ce72d3902ef3	2	0	[121]a	NGP-Vol5-[121]a အရှင်အာနန္ဒာကိုယ်တော်မြတ်ကြီး.md	vol_5/chinese/[1]b 道非道智见清净释 - 思惟智章/[96]无我相（五）项/[121]a 尊者阿难达大长老.md	matched
b8d70435-3c1e-4a07-a2e1-e76d59b84e82	2	0	[121]b	NGP-Vol5-[121]b အာနန္ဒသုတ္တန် ဒေသနာတော်.md	vol_5/chinese/[1]b 道非道智见清净释 - 思惟智章/[96]无我相（五）项/[121]b 阿难达经教法开示.md	matched
babf7ab1-2616-4d9b-94ee-382323ff9ce3	2	0	[121]c	NGP-Vol5-[121]c အာနန္ဒသုတ္တန် မြန်မာပြန်.md	vol_5/chinese/[1]b 道非道智见清净释 - 思惟智章/[96]无我相（五）项/[121]c 阿难达经·缅译.md	matched
81bc58d8-9348-4945-bbb4-0e7b624b570c	2	0	[127]	NGP-Vol5-[127] အသိဉာဏ်၌ မထင်လာသောတရားများ.md	vol_5/chinese/[1]b 道非道智见清净释 - 思惟智章/[96]无我相（五）项/[127]了知智中未显现的诸法.md	matched
9f0f2542-ea01-40cb-82a8-5675f6157153	2	0	[129]	NGP-Vol5-[129] အနိစ္စသုတ္တန်.md	vol_5/chinese/[1]b 道非道智见清净释 - 思惟智章/[96]无我相（五）项/[129]无常经.md	matched
414a53f4-0780-4821-94b3-060034db0233	2	0	[130]	NGP-Vol5-[130] အနုလောမိကာခန္တိ.md	vol_5/chinese/[1]b 道非道智见清净释 - 思惟智章/[96]无我相（五）项/[130]随顺忍.md	matched
156ed52b-7539-439c-98e7-ad12824c5dd4	1	13	[131]	[131] ရူပသတ္တက ရှုနည်း	vol_5/chinese/[1]b 道非道智见清净释 - 思惟智章/[131]色七法观法/[131]色七法观法.md	matched
84ab4882-c7da-47e3-b8d4-b69c523304c0	2	0	[131]b	[131]b ၁။ အာဒါနနိက္ခေပနအားဖြင့် ရှုနည်း	vol_5/chinese/[1]b 道非道智见清净释 - 思惟智章/[131]色七法观法/[131]b 一、以取舍而观的方法.md	matched
088ace57-acfd-4366-aca0-5445ba5a98a4	2	0	[131]c	[131]c အနိစ္စအခြင်းအရာ	vol_5/chinese/[1]b 道非道智见清净释 - 思惟智章/[131]色七法观法/[131]c 无常行相.md	matched
2fc1c61a-16b4-4d16-a79a-9bd532d3d604	2	0		133] ဒုက္ခအခြင်းအရာ		parse_fail
5fa09d02-07a3-4d69-b209-fe3cf9dd7a36	2	0	[134]	[134] အနတ္တ အခြင်းအရာ	vol_5/chinese/[1]b 道非道智见清净释 - 思惟智章/[131]色七法观法/[134]无我行相.md	matched
659e6b50-8da7-4586-a533-0ef9908fddf7	2	0	[135]	[135] အနှစ်တစ်ရာဟူသည်	vol_5/chinese/[1]b 道非道智见清净释 - 思惟智章/[131]色七法观法/[135]所谓百年.md;vol_5/chinese/[1]b 道非道智见清净释 - 思惟智章/[131]色七法观法/[135]二、以衰老坏灭而观的方法.md	dup_local
3f015edd-76c4-4d74-9c51-7096c7ccbe7c	2	0	[135]	[135] ၂။ ၀ယောဝုဍ္ဎတ္ထင်္ဂမအားဖြင့် ရှုနည်း	vol_5/chinese/[1]b 道非道智见清净释 - 思惟智章/[131]色七法观法/[135]所谓百年.md;vol_5/chinese/[1]b 道非道智见清净释 - 思惟智章/[131]色七法观法/[135]二、以衰老坏灭而观的方法.md	dup_local
b6f5e709-7cc0-4990-836a-a513d2e9ee9d	2	0	[137]	[137] “ ကြွ - ဆောင် - လွှဲ - လွှတ် - ချ - ဖိ ”	vol_5/chinese/[1]b 道非道智见清净释 - 思惟智章/[131]色七法观法/[137]“举－送－移－放－置－按”.md	matched
31d9e6d6-ac56-467e-809f-213ac3a11dfa	2	0	[138]	[138] ဓာတ်လွန် - ဓာတ်ယုတ်	vol_5/chinese/[1]b 道非道智见清净释 - 思惟智章/[131]色七法观法/[138]界之增盛与减弱.md	matched
6f769cb3-9dc4-4358-9c9a-902fe0a0e41c	2	0	[139]	[139] ၃။ အာဟာရမယရုပ် - ရှုနည်း	vol_5/chinese/[1]b 道非道智见清净释 - 思惟智章/[131]色七法观法/[139]三、食所成色——观法.md	matched
fb9f3a27-bacc-4d37-9af1-8c19fe02b540	2	0	[140]	[140] ၄။ ဥတုမယရုပ် - ရှုနည်း	vol_5/chinese/[1]b 道非道智见清净释 - 思惟智章/[131]色七法观法/[140]四、时节生色观法.md	matched
c1a6fef9-951f-41f9-b565-11e1bff113d9	2	0	[140]c	[140]c ၆။ စိတ္တသမုဋ္ဌာန်ရုပ် - ရှုနည်း	vol_5/chinese/[1]b 道非道智见清净释 - 思惟智章/[131]色七法观法/[140]c 六、心所起色观法.md	matched
b4728fae-f943-4f76-9b90-ec4ba7a8695e	2	0	[143]	[143] ၇။ ဓမ္မတာရုပ် - ရှုနည်း	vol_5/chinese/[1]b 道非道智见清净释 - 思惟智章/[131]色七法观法/[143]七、法性色——观法.md	matched
eff16380-154a-4989-805a-f7b3722e9f6c	2	0	[140]b	[140]b ၅။ ကမ္မဇရုပ် - ရှုနည်း	vol_5/chinese/[1]b 道非道智见清净释 - 思惟智章/[131]色七法观法/[140]b 五、业生色观法.md	matched
bb701c5b-d5fa-4d12-929a-905064f6d711	1	21	[144]a	[144]a အရူပသတ္တက ဝိပဿနာ ရှုနည်း	vol_5/chinese/[1]b 道非道智见清净释 - 思惟智章/[144]a 七非色观法/[144]a 七非色观法.md	matched
645d4cc6-7dcd-49ec-8615-db74dbede4c0	2	0	[144]b	[144]b ၁။ ကလာပအားဖြင့် ရှုနည်း	vol_5/chinese/[1]b 道非道智见清净释 - 思惟智章/[144]a 七非色观法/[144]b 一、依聚而观的方法.md	matched
563c8d04-b4b6-4cfd-a743-4e30cc18e539	2	0	[145]	NGP-Vol5-[145] ရှေ့စိတ် - နောက်စိတ်	vol_5/chinese/[1]b 道非道智见清净释 - 思惟智章/[144]a 七非色观法/[145]前心—后心.md	matched
91feffbe-49a8-4e5d-b077-b906d1d564b3	2	0	[149]a	NGP-Vol5-[149]a ၂။ ယမက = အစုံအားဖြင့် ရှုနည်း	vol_5/chinese/[1]b 道非道智见清净释 - 思惟智章/[144]a 七非色观法/[149]a 二、以成双而观的方法.md	matched
a116141a-bb34-4b31-a421-810f1e8bdfc4	2	0	[149]b	NGP-Vol5-[149]b ၃။ ခဏိကအားဖြင့် ရှုနည်း	vol_5/chinese/[1]b 道非道智见清净释 - 思惟智章/[144]a 七非色观法/[149]b 三、以刹那而观的方法.md	matched
2123a432-439a-43cd-b6cd-d8f71e7c8dc8	2	0	[150]	NGP-Vol5-[150] ၄။ ပဋိပါဋိ = အစဉ်အားဖြင့် ရှုနည်း	vol_5/chinese/[1]b 道非道智见清净释 - 思惟智章/[144]a 七非色观法/[150]四、依次第而观的方法.md	matched
6d81a00f-bd73-4d47-9fff-1bfa2de78f29	2	0	[151]a	NGP-Vol5-[151]a ၅။ ဒိဋ္ဌိဥဂ္ဃါဋန = ဒိဋ္ဌိကို ခွာသောအ	vol_5/chinese/[1]b 道非道智见清净释 - 思惟智章/[144]a 七非色观法/[151]a 五、以拔除邪见而观的方法.md	matched
ee1f9e83-fc74-4d44-8fa0-bd433d11259a	2	0	[151]b	[151]b ၆။ မာနဥဂ္ဃါဋန = မာနကို ခွာသောအားဖြ	vol_5/chinese/[1]b 道非道智见清净释 - 思惟智章/[144]a 七非色观法/[151]b 六、以拔除我慢而观的方法.md	matched
3d196046-fc82-4ab0-92a1-ff1b40bc0757	2	0	[152]a	[152]a ၇။ နိကန္တိပရိယာဒါန = တဏှာ (= နိကန္တိ) ကုန်အောင် မဖြစ်အောင် ရှုနည်း	vol_5/chinese/[1]b 道非道智见清净释 - 思惟智章/[144]a 七非色观法/[152]a 七、令尼坎提遍尽＝渴爱（＝尼坎提）灭尽、不生起的观法.md	matched
27245763-4cd2-4a5d-a44c-bae7963df40a	2	0	[152]b	NGP-Vol5-[152]b ဒိဋ္ဌိဥဂ္ဃါဋန - မာနဥဂ္ဃါဋန - နိကန္တိ	vol_5/chinese/[1]b 道非道智见清净释 - 思惟智章/[144]a 七非色观法/[152]b 断除邪见 - 断除慢 - 喜爱.md	matched
d120fbf2-3482-4424-928a-d7359a437f88	2	0	[153]	NGP-Vol5-[153] အဝသဝတ္တနဋ္ဌေန အနတ္တာ	vol_5/chinese/[1]b 道非道智见清净释 - 思惟智章/[144]a 七非色观法/[153]以不自在之义故为无我.md	matched
1015b1f2-38d2-495c-b6f5-0318608717fa	2	0	[154]	NGP-Vol5-[154] ဟုတွာ အဘာ၀ဋ္ဌေန အနိစ္စာ	vol_5/chinese/[1]b 道非道智见清净释 - 思惟智章/[144]a 七非色观法/[154]以成已不存在之义故为无常.md	matched
e99663fb-2c10-45f9-9add-b3d3c703b840	2	0	[155]	NGP-Vol5-[155] ဥပ္ပါဒ၀ယပဋိပီဠနဋ္ဌေန ဒုက္ခာ	vol_5/chinese/[1]b 道非道智见清净释 - 思惟智章/[144]a 七非色观法/[155]以生灭逼迫之义故为苦.md	matched
aeaf0fbf-c93a-44b4-9099-4c18b96be7fe	2	0	[156]	NGP-Vol5-[156] လိုရင်းအကျဉ်းချုပ် မှတ်သားရန်	vol_5/chinese/[1]b 道非道智见清净释 - 思惟智章/[144]a 七非色观法/[156] 应记取的要点扼要.md	matched
d8a0d737-6233-4b3f-88de-ec58c801fce8	2	0	[158]a	NGP-Vol5-[158]a ပဂုဏ ဖြစ်လေပြီ	vol_5/chinese/[1]b 道非道智见清净释 - 思惟智章/[144]a 七非色观法/[158]a 已成纯熟.md	matched
6233876b-8723-476f-9ccf-7e7fef04c1d6	2	0	[158]b	NGP-Vol5-[158]b မဟာဝိပဿနာ (၁၈) မျိုး (ဝိသုဒ္ဓိ၊၂၊၂၆၄။)	vol_5/chinese/[1]b 道非道智见清净释 - 思惟智章/[144]a 七非色观法/[158]b 十八种大观（清净之道2,264.md	matched
f3ef30d0-7e85-478f-ae60-05d01a467d5a	2	0	[161]a	NGP-Vol5-[161]a အနိမိတ္တာနုပဿနာ အပ္ပဏိဟိတာနုပဿနာ သုည	vol_5/chinese/[1]b 道非道智见清净释 - 思惟智章/[144]a 七非色观法/[161]a 无相随观、无愿随观、空随观.md	matched
925810d9-9553-45f6-9b50-b0f654ebeb94	2	0	[161]b	NGP-Vol5-[161]b အနိမိတ္တာနုပဿနာ	vol_5/chinese/[1]b 道非道智见清净释 - 思惟智章/[144]a 七非色观法/[161]b 无相随观.md	matched
cdd4a1a6-17f5-4c94-8f88-9066a6b07712	2	0	[164]	NGP-Vol5-[164] အပ္ပဏိဟိတာနုပဿနာ	vol_5/chinese/[1]b 道非道智见清净释 - 思惟智章/[144]a 七非色观法/[164] 无愿随观.md	matched
df37f042-e8c7-4237-8d13-2b45cdc0d5cd	2	0	[165]	NGP-Vol5-[165] သုညတာနုပဿနာ	vol_5/chinese/[1]b 道非道智见清净释 - 思惟智章/[144]a 七非色观法/[165] 空随观.md	matched
9b1f8b5c-1cf5-4717-a8fc-5244eee0a7a3	2	0	[165]b	NGP-Vol5-[165]b အဓိပညာဓမ္မဝိပဿနာ	vol_5/chinese/[1]b 道非道智见清净释 - 思惟智章/[144]a 七非色观法/[165]b 增上慧法观.md	matched
29ca47c9-7e97-4e8f-be7b-b1215fb6a90b	2	0	[165]c	NGP-Vol5-[165]c ယထာဘူတဉာဏဒဿန	vol_5/chinese/[1]b 道非道智见清净释 - 思惟智章/[144]a 七非色观法/[165]c 如实智见.md	matched
6a7874ad-e14f-43a8-8e43-868fba07b355	1	29	[167]a	[167]a ဥဒယဗ္ဗယဉာဏ်ခန်း	vol_5/chinese/[167]生灭智章/[167]a 生灭智章.md	matched
fea84008-93c7-446f-ba28-9f508c060ad6	2	0	[167]b	[167]b ပဋိသမ္ဘိဒါမဂ္ဂပါဠိတော်၌ ဟောကြားထားတေ	vol_5/chinese/[167]生灭智章/[167]b 在《无碍解道》巴利圣典中开示的方式.md	matched
6bbca6ce-eb11-49ff-bd7b-9b5030998108	2	0	[167]c	[167]c ဥဒယဗ္ဗယဒဿန (၂) မျိုး	vol_5/chinese/[167]生灭智章/[167]c 两种生灭洞见.md	matched
a5c95ba3-2788-4338-af26-f61cd998a2f9	2	0	[168]	[168] ပစ္စုပ္ပန်ဟူသည်မှာ	vol_5/chinese/[167]生灭智章/[168] 所谓现在.md	matched
0c4ce5eb-1695-406f-ad8a-6023b86421e6	2	0	[172]	[172] စဉ်းစားရန် အချက်များ	vol_5/chinese/[167]生灭智章/[172] 应当思考的要点.md	matched
03c349f3-5625-461d-badf-8eeee03b6848	2	0	[173]	[173] ဤ၌ ဆိုလိုသော သဘောတရား	vol_5/chinese/[167]生灭智章/[173] 此处所要说的本质法.md	matched
6347120b-d18e-4396-b754-393f99abb7b7	2	0	[175]	[175] အဓိပ္ပါယ်ယူဆပုံ	vol_5/chinese/[167]生灭智章/[175] 含义的理解方式.md	matched
5cb49e64-539a-4250-b6e3-7eb0474185fd	2	0	[177]	[177] ဘ၀ကို အဆုံးထား၍ ဟောကြားတော်မူရခြင်း	vol_5/chinese/[167]生灭智章/[177] 以有作为终点而开示.md	matched
bf10fd0a-1786-416e-a30a-c623a06cd8d1	2	0	[179]	[179] ရှုပုံစနစ်	vol_5/chinese/[167]生灭智章/[179] 观法体系.md	matched
c2a213e1-4cc7-4758-b16f-331efdd6ea72	2	0	[180]	[180] လက္ခဏာယာဉ်ကို တင်ပါ	vol_5/chinese/[167]生灭智章/[180] 请架设特相之车.md	matched
e5ae3aaa-7c94-428d-9b3f-910a8efdd457	2	0	[185]	[185] တူညီပုံကို ဤသို့ သဘောပေါက်ပါ	vol_5/chinese/[167]生灭智章/[185] 应当这样领会其相同之处.md	matched
0073e6e2-dcc3-4517-94a8-33d12bfbc845	2	0	[186]	[186] မြတ်သောအသက်ရှင်ခြင်း	vol_5/chinese/[167]生灭智章/[186] 崇高的活着.md	matched
c3ab5708-9955-4850-a439-d681c0a8661d	2	0	[187]a	[187]a ဥဒယဗ္ဗယ အကျယ် ရှုပွားနည်း - သမုဒယဓမ္	vol_5/chinese/[167]生灭智章/[187]a 生灭的详细观修方法 - 集法随观部分.md	matched
3664e01d-ac14-4097-8bdd-8d47b1375263	2	0	[187]b	[187]b ရူပက္ခန္ဓာ၌ ဥဒယရှုပုံ - ပါဠိတော်	vol_5/chinese/[167]生灭智章/[187]b 色蕴中的生起观法 - 巴利圣典.md	matched
f99930bd-e677-43b7-9019-cf7fc98c95f0	2	0	[187]c	[187]c  ရူပက္ခန္ဓာ၌ ၀ယရှုပုံ - ပါဠိတော်	vol_5/chinese/[167]生灭智章/[187]c 色蕴中的灭观法 - 巴利圣典.md	matched
aab19ace-1b2f-402a-8a6d-49737cb46ac5	2	0	[187]f	[187]f ဝေဒနာက္ခန္ဓာ၌ ၀ယရှုပုံ - ပါဠိတော်	vol_5/chinese/[167]生灭智章/[187]f 受蕴中的灭观法 - 巴利圣典.md	matched
38e692c7-8239-4a16-87dc-350e28410135	2	0	[188]a	[188]a သညာက္ခန္ဓာ၌ ဥဒယရှုပုံ - ပါဠိတော်	vol_5/chinese/[167]生灭智章/[188]a 想蕴中的生起观法 - 巴利圣典.md	matched
1869f5fe-aeb4-4692-a2fc-0f62f2d5abf1	2	0	[188]b	[188]b သညာက္ခန္ဓာ၌ ၀ယရှုပုံ - ပါဠိတော်	vol_5/chinese/[167]生灭智章/[188]b 想蕴中的灭观法 - 巴利圣典.md	matched
39c05051-154f-40d0-9869-dedc324ccec4	2	0	[188]c	[188]c သင်္ခါရက္ခန္ဓာ၌ ဥဒယရှုပုံ - ပါဠိတော်	vol_5/chinese/[167]生灭智章/[188]c 行蕴中的生起观法 - 巴利圣典.md	matched
34ea9147-e787-4371-ba70-d581242b2b46	2	0	[188]d	[188]d သင်္ခါရက္ခန္ဓာ၌ ၀ယရှုပုံ - ပါဠိတော်	vol_5/chinese/[167]生灭智章/[188]d 行蕴中的灭观法 - 巴利圣典.md	matched
95358253-bec2-47ef-8f60-7d34711ead2a	2	0	[189]a	[189]a ဝိညာဏက္ခန္ဓာ၌ ဥဒယရှုပုံ - ပါဠိတော်	vol_5/chinese/[167]生灭智章/[189]a 识蕴中的生起观法 - 巴利圣典.md	matched
577138d0-5183-4d36-9b32-ad6ad3aefcaa	2	0	[189]b	[189]b ဝိညာဏက္ခန္ဓာ၌ ၀ယရှုပုံ - ပါဠိတော်	vol_5/chinese/[167]生灭智章/[189]b 识蕴中的灭观法 - 巴利圣典.md	matched
07ea6d50-c2f6-41c0-92f8-937241be1711	2	0	[192]	[192] နိဗ္ဗတ္တိလက္ခဏာ	vol_5/chinese/[167]生灭智章/[192] 转生相.md	matched
0627e2b1-3440-4c8e-9e81-7564f3bf5d14	2	0	[193]	[193] အဝိဇ္ဇာနိရောဓာ ရူပနိရောဓော	vol_5/chinese/[167]生灭智章/[193] 无明灭故色灭.md	matched
b86bc7c3-2e81-423c-80e1-9689f14680f4	2	0	[193]b	[193]b အရဟတ္တမဂ်ကို ရရှိမည့် အချိန်	vol_5/chinese/[167]生灭智章/[193]b 证得阿拉汉道的时刻.md	matched
edb885e1-c831-4026-8de1-a7ad09898146	2	0	[196]	[196] ဥပ္ပါဒနိရောဓ - အနုပ္ပါဒနိရောဓ	vol_5/chinese/[167]生灭智章/[196] 生起灭尽 - 不生灭尽.md	matched
f0ea1ce2-4c3a-4ba6-8a1e-1a3e47e304f1	2	0	[196]b	[196]b နိရောဓ (၅) မျိုး	vol_5/chinese/[167]生灭智章/[196]b 五种灭.md	matched
d6497aba-70cc-455e-88c3-e7fcf85e8b46	2	29	[197]a	[197]a သမုဒယဓမ္မာနုပဿီပိုင်း - ဥဒယဒဿန = အဖြစ်သက်သက် ရှုနည်း.md	vol_5/chinese/[167]生灭智章/[197]a 集法随观篇 - 生起见 = 唯观生起的观法/[197]a 集法随观篇 - 生起见 = 唯观生起的观法.md	matched
661c382a-ca4c-4256-8c2e-bbbd0013265c	3	0	[197]b	[197]b ပဋိသန္ဓေ - ရူပက္ခန္ဓာ	vol_5/chinese/[167]生灭智章/[197]a 集法随观篇 - 生起见 = 唯观生起的观法/[197]b 结生 - 色蕴.md	matched
3e5b214d-c70d-464c-a04f-4ba29dea02f8	3	0	[198]	[198] ပဋိသန္ဓေ - ဝေဒနာက္ခန္ဓာ၌ ဥဒယရှုပုံ.md	vol_5/chinese/[167]生灭智章/[197]a 集法随观篇 - 生起见 = 唯观生起的观法/[198] 结生 - 受蕴中观生起的方式.md	matched
2e738b60-0e23-4516-ab6a-12a793d30bd6	3	0	[199]a	[199]a ပဋိသန္ဓေ - သညာက္ခန္ဓာ၌ ဥဒယရှုပုံ	vol_5/chinese/[167]生灭智章/[197]a 集法随观篇 - 生起见 = 唯观生起的观法/[199]a 结生 - 想蕴中的生起观法.md	matched
94e927ac-09ca-41e2-a3ed-c4c26b9aa62c	3	0	[199]b	[199]b ပဋိသန္ဓေ - သင်္ခါရက္ခန္ဓာ၌ ဥဒယရှုပုံ	vol_5/chinese/[167]生灭智章/[197]a 集法随观篇 - 生起见 = 唯观生起的观法/[199]b 结生 - 行蕴中的生起观法.md	matched
a7f105eb-a2ad-4e59-8437-9417cc82050a	3	0	[199]c	NGP-Vol5-[199]c ပဋိသန္ဓေ - သင်္ခါရက္ခန္ဓာ၌ ဥဒယရှုပုံ	vol_5/chinese/[167]生灭智章/[197]a 集法随观篇 - 生起见 = 唯观生起的观法/[199]c 结生 - 行蕴中的生起观法.md	matched
e2f9da3f-5d7a-4d34-8402-b52672619e85	3	0	[200]a	NGP-Vol5-[200]a ပဋိသန္ဓေ - ဝိညာဏက္ခန္ဓာ၌ ဥဒယရှုပုံ	vol_5/chinese/[167]生灭智章/[197]a 集法随观篇 - 生起见 = 唯观生起的观法/[200]a 结生 - 识蕴中的生起观法.md	matched
ecd5f266-c540-460d-8be8-b6c14660c17f	3	0	[200]b	NGP-Vol5-[200]b ဘဝင် - ရူပက္ခန္ဓာ၌ ဥဒယရှုပုံ	vol_5/chinese/[167]生灭智章/[197]a 集法随观篇 - 生起见 = 唯观生起的观法/[200]b 有分 - 于色蕴中观生起之法.md	matched
42fbcbf0-fee1-49e7-bdbb-71cda692208c	3	0	[201]	NGP-Vol5-[201] ဘဝင် - ဝေဒနာက္ခန္ဓာ၌ ဥဒယရှုပုံ	vol_5/chinese/[167]生灭智章/[197]a 集法随观篇 - 生起见 = 唯观生起的观法/[201] 有分 - 受蕴中的生起观法.md	matched
56bedb66-2aa1-4a0b-9658-2988bc96bf8f	3	0	[201]b	NGP-Vol5-[201]b ဘဝင် - သင်္ခါရက္ခန္ဓာ၌ ဥဒယရှုပုံ (ပထ	vol_5/chinese/[167]生灭智章/[197]a 集法随观篇 - 生起见 = 唯观生起的观法/[201]b 有分 - 行蕴中的生起观法（第一种方法）.md	matched
bfec8afc-1c87-4857-9189-88b8f8134a4a	3	0	[202]c	NGP-Vol5-[202]c ဘဝင် - သင်္ခါရက္ခန္ဓာ၌ ဥဒယရှုပုံ (ဒုတိယနည်း)	vol_5/chinese/[167]生灭智章/[197]a 集法随观篇 - 生起见 = 唯观生起的观法/[202]c 有分 - 行蕴中的生起观法（第二种方法）.md	matched
a3c71878-a1c6-4143-a130-50e386f3000e	3	0	[203]a	NGP-Vol5-[203]a ဘဝင် - ဝိညာဏက္ခန္ဓာ၌ ဥဒယရှုပုံ	vol_5/chinese/[167]生灭智章/[197]a 集法随观篇 - 生起见 = 唯观生起的观法/[203]a 有分 - 识蕴中的生起观法.md	matched
f4ab945f-bf74-4049-892e-1fa13ba8cd7b	3	0	[203]b	NGP-Vol5-[203]b ပဉ္စဒွါရာဝဇ္ဇန်း - ရူပက္ခန္ဓာ၌ ဥဒယရှ	vol_5/chinese/[167]生灭智章/[197]a 集法随观篇 - 生起见 = 唯观生起的观法/[203]b 五门转向 - 色蕴中观生起的方式.md	matched
1f019f34-063e-46fa-87c2-356a5abcaef9	3	0	[203]c	NGP-Vol5-[203]c ရူပါရုံလိုင်း - ပဉ္စဒွါရာဝဇ္ဇန်း - ဝေဒနာက္ခန္ဓာ၌ ဥဒယရှုပုံ	vol_5/chinese/[167]生灭智章/[197]a 集法随观篇 - 生起见 = 唯观生起的观法/[203]c 色所缘线 - 五门转向 - 受蕴中观生起的方式.md	matched
21285f3b-9bb1-4d27-b5f8-01ec494cfedf	3	0	[204]a	NGP-Vol5-[204]a ပဉ္စဒွါရာဝဇ္ဇန်း - သညာက္ခန္ဓာ၌ ဥဒယရှ	vol_5/chinese/[167]生灭智章/[197]a 集法随观篇 - 生起见 = 唯观生起的观法/[204]a 五门转向 - 想蕴中观生起的方式.md	matched
b6228a22-d030-44f6-9d5d-e305b379b6ea	3	0	[204]b	NGP-Vol5-[204]b ပဉ္စဒွါရာဝဇ္ဇန်း - သင်္ခါရက္ခန္ဓာ၌ ဥ	vol_5/chinese/[167]生灭智章/[197]a 集法随观篇 - 生起见 = 唯观生起的观法/[204]b 五门转向 - 行蕴中的生起观法（第一种方法）.md	matched
836287df-8f62-4af3-b9b8-f69dc28f2aa2	3	0	[204]c	NGP-Vol5-[204]c ပဉ္စဒွါရာဝဇ္ဇန်း - သင်္ခါရက္ခန္ဓာ၌ ဥဒယရှုပုံ (ဒုတိယနည်း)	vol_5/chinese/[167]生灭智章/[197]a 集法随观篇 - 生起见 = 唯观生起的观法/[204]c 五门转向 - 行蕴中的生起观法（第二种方法）.md	matched
c0ca7566-8363-4234-a4ad-8e98df78e1f3	3	0	[205]a	NGP-Vol5-[205]a ပဉ္စဒွါရာဝဇ္ဇန်း - ဝိညာဏက္ခန္ဓာ၌ ဥဒယ	vol_5/chinese/[167]生灭智章/[197]a 集法随观篇 - 生起见 = 唯观生起的观法/[205]a 五门转向 - 识蕴中的生起.md	matched
23344846-9b2c-4b61-a385-3d887af97125	3	0	[205]b	NGP-Vol5-[205]b စက္ခုဝိညာဏ် - ဝေဒနာက္ခန္ဓာ၌ ဥဒယရှုပု	vol_5/chinese/[167]生灭智章/[197]a 集法随观篇 - 生起见 = 唯观生起的观法/[205]b 眼识 - 受蕴中的生起观法.md	matched
1a319a88-720e-407c-825e-98fccdea6219	3	0	[205]c	NGP-Vol5-[205]c စက္ခုဝိညာဏ် - သညာက္ခန္ဓာ၌ ဥဒယရှုပုံ	vol_5/chinese/[167]生灭智章/[197]a 集法随观篇 - 生起见 = 唯观生起的观法/[205]c 眼识 - 想蕴中的生起观法.md	matched
8db859ca-a981-40d6-8470-97e9c07b833f	3	0	[206]a	NGP-Vol5-[206]a စက္ခုဝိညာဏ် - သင်္ခါရက္ခန္ဓာ၌ ဥဒယရှု	vol_5/chinese/[167]生灭智章/[197]a 集法随观篇 - 生起见 = 唯观生起的观法/[206]a 眼识 - 行蕴中的生起观法（第一种方法）.md	matched
85676328-b7f8-4839-857c-ae4c71e8299c	3	0	[206]b	NGP-Vol5-[206]b စက္ခုဝိညာဏ် - သင်္ခါရက္ခန္ဓာ၌ ဥဒယရှု	vol_5/chinese/[167]生灭智章/[197]a 集法随观篇 - 生起见 = 唯观生起的观法/[206]b 眼识 - 行蕴中的生起观法（第二种方法）.md	matched
0af0e8b0-fc2c-4a4f-b240-58d9e88203d3	3	0	[206]c	NGP-Vol5-[206]c စက္ခုဝိညာဏ် - ဝိညာဏက္ခန္ဓာ၌ ဥဒယရှုပု	vol_5/chinese/[167]生灭智章/[197]a 集法随观篇 - 生起见 = 唯观生起的观法/[206]c 眼识 - 识蕴中的生起观法.md	matched
c67a046f-35a9-4d1b-924d-a7e4ef9fa474	3	0	[207]a	NGP-Vol5-[207]a သမ္ပဋိ စ္ဆိုင်း - ဝေဒနာက္ခန္ဓာ၌ ဥဒယရ	vol_5/chinese/[167]生灭智章/[197]a 集法随观篇 - 生起见 = 唯观生起的观法/[207]a 领受 - 受蕴中的生起观法.md	matched
0157383d-e641-46f2-8e72-913e240a6187	3	0	[207]b	NGP-Vol5-[207]b သမ္ပဋိ စ္ဆိုင်း - သညာက္ခန္ဓာ၌ ဥဒယရှု	vol_5/chinese/[167]生灭智章/[197]a 集法随观篇 - 生起见 = 唯观生起的观法/[207]b 领受 - 想蕴中的生起观法.md	matched
2a0ab4c6-626e-4be4-8181-4faaa15d5396	3	0	[207]c	NGP-Vol5-[207]c သမ္ပဋိ စ္ဆိုင်း သင်္ခါရက္ခန္ဓာ၌ ဥဒယရ	vol_5/chinese/[167]生灭智章/[197]a 集法随观篇 - 生起见 = 唯观生起的观法/[207]c 领受 - 行蕴中的生起观法（第一种方法）.md	matched
908b5327-ebde-457a-9c59-43af171886b2	3	0	[208]a	NGP-Vol5-[208]a သမ္ပဋိ စ္ဆိုင်း သင်္ခါရက္ခန္ဓာ၌ ဥဒယရ	vol_5/chinese/[167]生灭智章/[197]a 集法随观篇 - 生起见 = 唯观生起的观法/[208]a 领受 行蕴中的生起.md	matched
2f934bb9-6b5c-4539-957a-35ce065a8455	3	0	[208]b	NGP-Vol5-[208]b သမ္ပဋိ စ္ဆိုင်း - ဝိညာဏက္ခန္ဓာ၌ ဥဒယရ	vol_5/chinese/[167]生灭智章/[197]a 集法随观篇 - 生起见 = 唯观生起的观法/[208]b 领受 - 识蕴中的生起观法.md	matched
d821773a-4fe4-49fb-a25b-d11802952090	3	0	[209]a	NGP-Vol5-[209]a စက္ခုဒွါရဝီထိ - မဟာကုသိုလ် ဒုတိယဇော	vol_5/chinese/[167]生灭智章/[197]a 集法随观篇 - 生起见 = 唯观生起的观法/[209]a 眼门心路 - 大善第二速行.md	matched
7b77a79c-00d1-46a7-804e-254859401720	3	0	[209]b	NGP-Vol5-[209]b ရူပါရုံလိုင်း - မနောဒွါရဝီထိ - မဟာကု	vol_5/chinese/[167]生灭智章/[197]a 集法随观篇 - 生起见 = 唯观生起的观法/[209]b 色所缘线 - 意门心路 - 大善.md	matched
4760885d-5e37-49f4-a848-c2fa3a902b43	2	20	[210]	[210]၀ယဓမ္မာနုပဿီပိုင်း		unmatched
bff7d79e-c327-4c15-991d-f732ea4814c9	3	0	[210]b	[210]b ၀ယဓမ္မာနုပဿီဟူသည်	vol_5/chinese/[167]生灭智章/[210]灭法随观篇/[210]b 所谓灭法随观者.md	matched
fdc81cf0-05ef-4e71-a172-14185f7f2b9a	3	0	[211]a	[211]a ပဋိသန္ဓေ - ရူပက္ခန္ဓာ၌ ၀ယရှုပုံ	vol_5/chinese/[167]生灭智章/[210]灭法随观篇/[211]a 结生 - 色蕴中的灭观法.md	matched
af4f4e49-6855-4c90-8b02-388355ec19e7	3	0	[212]a	[212]a ပဋိသန္ဓေ - ဝေဒနာက္ခန္ဓာ၌ ၀ယရှုပုံ	vol_5/chinese/[167]生灭智章/[210]灭法随观篇/[212]a 结生 - 受蕴中的灭观法.md	matched
4903886d-3a95-44a9-ad76-acfc8ffb05db	3	0	[212]b	[212]b ပဋိသန္ဓေ - သညာက္ခန္ဓာ၌ ၀ယရှုပုံ	vol_5/chinese/[167]生灭智章/[210]灭法随观篇/[212]b 结生 - 想蕴中的灭观法.md	matched
e6f1b3a2-996f-4888-acc6-c23663af49ed	3	0	[212]c	[212]c ပဋိသန္ဓေ - သင်္ခါရက္ခန္ဓာ၌ ၀ယရှုပုံ	vol_5/chinese/[167]生灭智章/[210]灭法随观篇/[212]c 结生 - 行蕴中的灭观法.md	matched
84e8147c-172a-4470-bbf0-00e9b6f2f6d8	3	0	[213]a	[213]a ပဋိသန္ဓေ - သင်္ခါရက္ခန္ဓာ၌ ၀ယရှုပုံ	vol_5/chinese/[167]生灭智章/[210]灭法随观篇/[213]a 结生 - 行蕴中的灭观法.md	matched
a33852cd-0718-4f70-b4d4-dc1414df9817	3	0	[213]b	[213]b ပဋိသန္ဓေ - ဝိညာဏက္ခန္ဓာ၌ ၀ယရှုပုံ	vol_5/chinese/[167]生灭智章/[210]灭法随观篇/[213]b 结生 - 识蕴中的灭观法.md	matched
9f373159-9aff-445a-be65-251ce6efa2a7	3	0	[214]a	[214]a စက္ခုဝိညာဏ် - ရူပက္ခန္ဓာ၌ ၀ယရှုပုံ		unmatched
ee1d3ee4-7594-474f-bad0-49eaabc248c6	3	0	[214]b	[214]b စက္ခုဝိညာဏ် - ဝေဒနာက္ခန္ဓာ၌ ၀ယရှုပုံ	vol_5/chinese/[167]生灭智章/[210]灭法随观篇/[214]b 眼识 - 色蕴中的灭观法.md	matched
8f10da62-7e54-4589-bb17-97b8acd8a912	3	0	[215]a	[215]a စက္ခုဝိညာဏ် - သညာက္ခန္ဓာ၌ ၀ယရှုပုံ	vol_5/chinese/[167]生灭智章/[210]灭法随观篇/[215]a 眼识 - 想蕴中的灭观法.md	matched
fa149ec4-e7ec-4e5d-acaf-00cee7bf3139	3	0	[215]b	[215]b စက္ခုဝိညာဏ် - သင်္ခါရက္ခန္ဓာ၌ ၀ယရှုပ	vol_5/chinese/[167]生灭智章/[210]灭法随观篇/[215]b 眼识 - 行蕴中的灭观法.md	matched
ad988920-f002-480c-a58a-6e41fe698015	3	0	[215]c	[215]c စက္ခုဝိညာဏ် - သင်္ခါရက္ခန္ဓာ၌ ၀ယရှုပ	vol_5/chinese/[167]生灭智章/[210]灭法随观篇/[215]c 眼识 - 行蕴中的灭观法.md	matched
43f5e60f-3f03-4e4e-bd94-8fba8cbea229	3	0	[216]a	[216]a စက္ခုဝိညာဏ် - ဝိညာဏက္ခန္ဓာ၌ ၀ယရှုပုံ	vol_5/chinese/[167]生灭智章/[210]灭法随观篇/[216]a 眼识 - 识蕴中的灭观法.md	matched
7b89f6b7-edf6-493d-81f3-0dbe0bbabc67	3	0	[216]b	[216]b ယေဘုယျ အကြံပေးချက်	vol_5/chinese/[167]生灭智章/[210]灭法随观篇/[216]b 一般性建议.md	matched
987ce624-a83c-4cc8-aa33-918d2060b85e	3	0	[217]a	[217]a သောတဝိညာဏ် - ရူပက္ခန္ဓာ၌ ဥဒယရှုပုံ	vol_5/chinese/[167]生灭智章/[210]灭法随观篇/[217]a 耳识 - 色蕴中的生起观法.md	matched
5e5c75d4-5359-445e-b8cd-3adfc6fda00e	3	0	[217]b	[217]b သောတဝိညာဏ် - ရူပက္ခန္ဓာ၌ ၀ယရှုပုံ	vol_5/chinese/[167]生灭智章/[210]灭法随观篇/[217]b 耳识 - 色蕴中的灭观法.md	matched
439e7b78-7091-481b-bd51-34cbdd7909c2	3	0	[218]a	[218]a သောတဝိညာဏ် - ဝေဒနာက္ခန္ဓာ၌ ဥဒယရှုပုံ	vol_5/chinese/[167]生灭智章/[210]灭法随观篇/[218]a 耳识 - 受蕴中的生起观法.md	matched
217014f6-46f3-4329-b4ae-7646c90b2eee	3	0	[218]b	[218]b သောတဝိညာဏ် - ဝေဒနာက္ခန္ဓာ၌ ၀ယရှုပုံ	vol_5/chinese/[167]生灭智章/[210]灭法随观篇/[218]b 耳识 - 受蕴中的灭观法.md	matched
dba7c38d-9684-402e-b4ef-cf1bd84167ea	3	0	[218]c	[218]c သောတဝိညာဏ် - ဝိညာဏက္ခန္ဓာ၌ ဥဒယရှုပုံ	vol_5/chinese/[167]生灭智章/[210]灭法随观篇/[218]c 耳识 - 识蕴中的生起观法.md	matched
fd248264-00f8-43b1-9ac7-eeba7663b886	3	0	[219]	[219] သောတဝိညာဏ် - ဝိညာဏက္ခန္ဓာ၌ ၀ယရှုပုံ	vol_5/chinese/[167]生灭智章/[210]灭法随观篇/[219] 耳识 - 识蕴中的灭观法.md	matched
05efeb9d-170b-4a5a-b089-5ab0f761c725	2	34	[221]a	[221]a သမုဒယ၀ယဓမ္မာနုပဿီပိုင်း	vol_5/chinese/[167]生灭智章/[221]集灭法随观篇/[221]a 集灭法随观篇.md	matched
77780372-76d6-4f46-84ae-825129decf07	3	0	[221]b	[221]b သမုဒယ၀ယဓမ္မာနုပဿီဟူသည်	vol_5/chinese/[167]生灭智章/[221]集灭法随观篇/[221]b 所谓集灭法随观.md	matched
46580f18-7981-4b8f-ba73-a2ca77f96645	3	0	[222]	[222] ပဋိသန္ဓေ - ရူပက္ခန္ဓာ၌ ဥဒယ-၀ယ ရှုပုံ	vol_5/chinese/[167]生灭智章/[221]集灭法随观篇/[222] 结生 - 色蕴中生灭的观法.md	matched
0b5d8b19-b371-4430-9047-b26c3eb90c87	3	0	[223]	[223] ပဋိသန္ဓေ - ဝေဒနာက္ခန္ဓာ၌ ဥဒယ-၀ယ ရှုပ	vol_5/chinese/[167]生灭智章/[221]集灭法随观篇/[223] 结生 - 受蕴中 生灭观法.md	matched
91ddd443-29fe-4bb0-b32b-866efdd71688	3	0	[224]	[224] ပဋိသန္ဓေ - သင်္ခါရက္ခန္ဓာ၌ ဥဒယ-၀ယရှု	vol_5/chinese/[167]生灭智章/[221]集灭法随观篇/[224] 结生 - 行蕴中生灭观法.md	matched
e0d03243-7ebf-40fc-8a7f-6aa90f369ed7	3	0	[225]	[225] ပဋိသန္ဓေ - ဝိညာဏက္ခန္ဓာ၌ ဥဒယ-၀ယရှုပု	vol_5/chinese/[167]生灭智章/[221]集灭法随观篇/[225] 结生 - 识蕴中生灭观法.md	matched
1d1c795a-eb9b-4eda-81b7-1f38a5b6a3af	3	0	[226]	[226] ဘဝင် ရူပက္ခန္ဓာ စသည့် ရူပက္ခန္ဓာ၌ ဥဒ	vol_5/chinese/[167]生灭智章/[221]集灭法随观篇/[226] 有分色蕴等色蕴中的生灭观察法.md	matched
12806374-167f-4fae-bbbd-6a14489d3197	3	0	[228]	[228] ပဋိသမ္ဘိဒါမဂ္ဂအဋ္ဌကထာ အဆို	vol_5/chinese/[167]生灭智章/[221]集灭法随观篇/[228] 《无碍解道》义注的主张.md	matched
235a9999-b33c-4cb8-b657-57e67cd7641d	3	0	[229]	[229] မဟာဋီကာ၏ ပြန်လည်ချေပချက်	vol_5/chinese/[167]生灭智章/[221]集灭法随观篇/[229] 大复注的回辩.md	matched
031aa406-cca3-4f6b-8912-08a38d1fe870	3	0	[231]	[231] ထပ်မံ ရှင်းလင်းချက်	vol_5/chinese/[167]生灭智章/[221]集灭法随观篇/[231] 补充说明.md	matched
26d5080c-bb4a-42d8-923c-15698e7e9223	3	0	[234]	[234] အဋ္ဌကထာကြီးများနှင့် နှီးနှောမိပါသည်	vol_5/chinese/[167]生灭智章/[221]集灭法随观篇/[234] 与诸大义注相符合.md	matched
9264695e-0bcb-42c8-ad8c-1f6020673666	3	0	[236]	[236] သစ္စ - ပဋိစ္စသမုပ္ပါဒ် - နယ - လက္ခဏာ	vol_5/chinese/[167]生灭智章/[221]集灭法随观篇/[236] 谛 - 缘起法 - 法 - 相.md	matched
546cee7f-f25a-42ca-b7e4-624076438fcc	3	0	[239]	[239] ပဋိစ္စသမုပ္ပါဒ် သဘောတရား ထင်ရှားလာပု	vol_5/chinese/[167]生灭智章/[221]集灭法随观篇/[239] 缘起法体性显现的样子.md	matched
971e2d27-bc07-48c5-b187-99053b690fda	3	0	[240]	[240] နည်းလေးပါး ထင်ရှားလာပုံ	vol_5/chinese/[167]生灭智章/[221]集灭法随观篇/[240] 四理显现的情形.md	matched
3808ef42-d423-44ce-82c8-ff462a48fa53	3	0	[242]	[242] လက္ခဏာ ငါးပါး ထင်ရှားလာပုံ	vol_5/chinese/[167]生灭智章/[221]集灭法随观篇/[242] 五种相显现之相.md	matched
f009e249-1497-46e3-b14b-618992c5b074	3	0	[245]a	[245]a တရုဏ ဝိပဿနာဉာဏ်	vol_5/chinese/[167]生灭智章/[221]集灭法随观篇/[245]a 不成熟观智.md	matched
57d208d7-7ea0-4209-af62-c21d22e8b719	3	0	[245]b	[245]b သစ္စကအမေး - ဘုရားရှင်အဖြေ	vol_5/chinese/[167]生灭智章/[221]集灭法随观篇/[245]b 萨迦格的提问 - 佛陀的回答.md	matched
8574b30a-b162-4ff7-a77c-03ee411553bb	3	0	[248]	[248] သတိပဋ္ဌာန်ကျင့်စဉ် - တတိယဆင့်	vol_5/chinese/[167]生灭智章/[221]集灭法随观篇/[248] 念处修行次第 - 第三阶.md	matched
9b8bf8fd-0fbe-48cd-8f8c-069cbf4c95c0	3	0	[249]	[249] ဝိပဿနုပက္ကိလေသ (၁၀) ပါး	vol_5/chinese/[167]生灭智章/[221]集灭法随观篇/[249] 十种观随烦恼.md	matched
3f3b70a0-e9fa-47f3-9321-23799b244707	3	0	[250]	[250] ပဋိသမ္ဘိဒါမဂ္ဂပါဠိတော်၌ ဟောကြားထားတေ	vol_5/chinese/[167]生灭智章/[221]集灭法随观篇/[250] 《无碍解道》巴利圣典中开示的方式.md	matched
897e8d7a-8b66-4b96-ae4f-3c671c09624b	3	0	[251]	[251] ၁။ ဩဘာသ = အရောင်အလင်း	vol_5/chinese/[167]生灭智章/[221]集灭法随观篇/[251] 一、光明 = 光亮.md	matched
9ebfc71d-aece-413f-91e1-8427e59652fb	3	0	[254]	[254] မဟာနာဂမထေရ်	vol_5/chinese/[167]生灭智章/[221]集灭法随观篇/[254] 大龙长老.md	matched
0783d515-322c-4274-99d6-928dddbdda64	3	0	[256]a	[256]a ၂။ ဉာဏ = ဝိပဿနာဉာဏ်	vol_5/chinese/[167]生灭智章/[221]集灭法随观篇/[256]a 二、智=观智.md	matched
ec0ee708-e729-4b92-bf1e-15f0581f0cd4	3	0	[256]b	[256]b ၃။ ပီတိ = ဝိပဿနာပီတိ	vol_5/chinese/[167]生灭智章/[221]集灭法随观篇/[256]b 三、喜 = 观喜.md	matched
cee6b967-77fe-4a7d-89ae-fbd7d4c77377	3	0	[256]c	[256]c ၄။ ပဿဒ္ဓိ = ဝိပဿနာပဿဒ္ဓိ	vol_5/chinese/[167]生灭智章/[221]集灭法随观篇/[256]c 四、轻安 = 观轻安.md	matched
db6c64fe-f457-47e6-9224-4b26ac0cac23	3	0	[258]	[258] ၅။ သုခ = ဝိပဿနာသုခ	vol_5/chinese/[167]生灭智章/[221]集灭法随观篇/[258] 5. 乐 = 观乐.md	matched
5758e2ee-5b5a-4b89-b2d3-ed84f40e0efa	3	0	[259]a	[259]a ၆။ အဓိမောက္ခ = သဒ္ဓါဓိမောက္ခ	vol_5/chinese/[167]生灭智章/[221]集灭法随观篇/[259]a 六、胜解 = 信心胜解.md	matched
2fd0aa9a-ed43-46c0-84e1-fc7a5bc66ac7	3	0	[259]b	[259]b ၇။ ပဂ္ဂဟ = ဝိပဿနာဝီရိယ	vol_5/chinese/[167]生灭智章/[221]集灭法随观篇/[259]b 七、支持 = 观精进.md	matched
86a124c5-e6b5-4919-a8ba-3507df3035df	3	0	[259]c	[259]c ၈။ ဥပဋ္ဌာန = ဝိပဿနာသတိ	vol_5/chinese/[167]生灭智章/[221]集灭法随观篇/[259]c 八、建立 = 观念.md	matched
2c2ac249-984b-4a0c-bba5-c1bd2dbe2277	3	0	[260]	[260] ၉။ ဥပေက္ခာ = ဝိပဿနုပေက္ခာ + အာဝဇ္ဇနု	vol_5/chinese/[167]生灭智章/[221]集灭法随观篇/[260] 九、舍 = 观舍 + 转向舍.md	matched
e1a8b2d6-17e4-4341-93fc-3dcbd7e23385	3	0	[261]a	[261]a အာဝဇ္ဇန်း၏ ထက်မြက်မှု	vol_5/chinese/[167]生灭智章/[221]集灭法随观篇/[261]a 转向的锐利.md	matched
411add04-33a1-4cb4-8785-bba5e0578e07	3	0	[261]b	[261]b ၁၀။ နိကန္တိ = ဝိပဿနာနိကန္တိ	vol_5/chinese/[167]生灭智章/[221]集灭法随观篇/[261]b 十、微细的欲求 = 观微细欲求.md	matched
411c04ec-b6ed-4894-a741-a4f9aa6d005d	3	0	[262]	[262] ဥပက္ကိလေသနှင့် ဥပက္ကိလေသဝတ္ထု	vol_5/chinese/[167]生灭智章/[221]集灭法随观篇/[262] 随烦恼与随烦恼依处.md	matched
0e3ebf14-0eff-447a-b628-c71a36b5b3ca	3	0	[263]	[263] အရိယမဂ် ဟုတ်သည် မဟုတ်သည်ကို ပိုင်းခြ	vol_5/chinese/[167]生灭智章/[221]集灭法随观篇/[263] 辨别是不是圣道.md	matched
36bcc5e0-1fa2-4745-a75b-6cf2d6d06640	3	0	[266]	[266] အကျိုးဂုဏ်အင် အာနိသင်	vol_5/chinese/[167]生灭智章/[221]集灭法随观篇/[266] 利益功德 果益.md	matched
7cb4ac55-5daf-47f4-8ce6-2df374f0435e	1	5	[267]a	[267]a ပဋိပဒါဉာဏဒဿနဝိသုဒ္ဓိ နိဒ္ဒေသ	vol_5/chinese/[267]行道智见清净释/[267]a 行道智见清净释.md	matched
71180347-0b53-4fdc-a544-bff3cc472ea8	2	0	[267]b	[267]b ဥပက္ကိလေသမှ လွတ်မြောက်သွားသော ဥဒယဗ္ဗ	vol_5/chinese/[267]行道智见清净释/[267]b 从随烦恼中解脱出来的生灭.md	matched
a0b1ec47-307e-467f-9fa5-9d2b2033cc18	2	0	[269]	[269] လက္ခဏာရေး သုံးတန် မထင်မှု ထင်မှု	vol_5/chinese/[267]行道智见清净释/[269] 三种特相的不显现与显现.md	matched
0932d25b-d9f8-47f3-ad55-7d65e27ad66e	2	0	[273]	[273] တဇ္ဇာပညတ်	vol_5/chinese/[267]行道智见清净释/[273] 此所生概念.md	matched
98ae3833-a97d-4edc-a8f2-9c5d77e50373	2	0	[275]	[275] လက္ခဏာယာဉ်ကို တင်ပါ	vol_5/chinese/[267]行道智见清净释/[275] 请架设特相之车.md	matched
e5789135-5a06-4d14-82a8-766cf1ccb7a9	2	0	[276]	[276] ဣရိယာပထ - သမ္ပဇည ရှုကွက်	vol_5/chinese/[267]行道智见清净释/[276] 威仪-正知观法.md	matched
59760ab5-1989-4f47-b4bb-1a5d4322f89b	1	44	[278]	[278] ဘင်္ဂါနုပဿနာဉာဏ်ခန်း	vol_5/chinese/[278]坏灭随观智章/[278] 坏灭随观智章.md	matched
8f08f997-86b5-4627-a482-88501f9c364d	2	0	[278]b	[278]b ဘင်္ဂါနုပဿနာဉာဏ်ဟူသည်	vol_5/chinese/[278]坏灭随观智章/[278]b 所谓坏灭随观智.md	matched
aefe702d-e682-46e8-b103-a2a45ef97d5c	2	0	[283]	[283] ချုပ်မှုဟူသည်	vol_5/chinese/[278]坏灭随观智章/[283] 所谓灭尽.md	matched
8f1d318e-1e0f-4c22-ad98-130716e7f8e9	2	0	[284]	[284] ဘင်္ဂါနုပဿနာဉာဏ်၏ အရှုခံ ပရမတ်တရားမျ	vol_5/chinese/[278]坏灭随观智章/[284] 坏灭随观智所观的究竟法.md	matched
6c33e3f5-cbac-4c59-8521-6c532b03e531	2	0	[285]	[285] အချုပ်မှတ်သားရန်	vol_5/chinese/[278]坏灭随观智章/[285] 应铭记的纲要.md	matched
4b5a3aaa-8590-4307-a358-aa83597e5c4a	2	0	[286]	[286] လက္ခဏာရေး သုံးတန်	vol_5/chinese/[278]坏灭随观智章/[286] 三种特相.md	matched
123bfcde-afb2-4738-ae36-c4b2bf9aeea5	2	0	[287]a	[287]a ရှုစိတ်ဟူသည်	vol_5/chinese/[278]坏灭随观智章/[287]a 所谓观心.md	matched
063acea8-ecf6-4963-ab8a-b428074a4c8d	2	0	[287]b	[287]b ရှုကွက်ပုံစံများ	vol_5/chinese/[278]坏灭随观智章/[287]b 观照格式的样式.md	matched
e550e1be-730d-4bb9-ab66-12ee453da5c6	2	0	[288]	[288] ဘင်္ဂဉာဏ်၏ မှတ်ကျောက် တစ်ခု	vol_5/chinese/[278]坏灭随观智章/[288] 坏灭智的一块试金石.md	matched
535d4623-de56-41e1-9ce1-9fe5bad24c93	2	0	[291]	[291] သတိပဋ္ဌာန် လေးပါး = အနုပဿနာ လေးပါး	vol_5/chinese/[278]坏灭随观智章/[291] 四念处 = 四随观.md	matched
bf9e5bf1-d1e5-474a-9a2c-5de6feafd898	2	0	[293]a	[293]a ဝတ္ထု + အာရုံ + ဝေဒနာ	vol_5/chinese/[278]坏灭随观智章/[293]a 依处 + 所缘 + 受.md	matched
31467b3c-c0f2-437c-8a5d-0264eb37b56b	2	0	[293]b	[293]b ဝတ္ထု + အာရုံ + ဝိညာဏ်	vol_5/chinese/[278]坏灭随观智章/[293]b 依处 + 所缘 + 识.md	matched
996ae84a-0c9c-484f-8992-fae7cc8fac42	2	0	[293]c	[293]c ဝတ္ထု + အာရုံ + ဖဿ	vol_5/chinese/[278]坏灭随观智章/[293]c 依处 + 所缘 + 触.md	matched
3efde07c-fbe6-4ccc-9284-e265deb0659b	2	0	[294]	[294] ဝိပဿနာရှုသည့် ဉာဏ်	vol_5/chinese/[278]坏灭随观智章/[294] 修观的智.md	matched
7c10df37-a14a-46c2-b2ed-b7e814a833b6	2	0	[295]	[295] အကျိုးဂုဏ်အင် အာနိသင်	vol_5/chinese/[278]坏灭随观智章/[295] 利益功德 功德利益.md	matched
ed61df11-292c-46d5-872c-4e62e9b3bbf8	2	0	[296]	[296] လက္ခဏာယာဉ်ကို တင်ပါ	vol_5/chinese/[278]坏灭随观智章/[296] 请安立特相之车.md	matched
7f8ab96b-28bc-4a87-a627-6405e01c5c19	2	0	[297]a	[297]a ဝိပဿနာ အခိုက် သမုဒယ ချုပ်ပုံ	vol_5/chinese/[278]坏灭随观智章/[297]a 修观时集的灭去方式.md	matched
f05f8c90-7cad-46a4-a0ba-44f3b6ff1da0	2	0	[297]b	[297]b အနွယဉာဏ်ဖြင့် မှန်းဆရှုပုံ	vol_5/chinese/[278]坏灭随观智章/[297]b 以随类智推度而观的方式.md	matched
c8da8122-7145-4694-9870-78d6695205e8	2	0	[300]	[300] ခွာနိုင် ပယ်နိုင်သည်	vol_5/chinese/[278]坏灭随观智章/[300] 能离能舍.md	matched
a3e5393b-b7cb-48ff-bcf6-60305fff07a6	2	0	[308]	[308] အကျိုးအာနိသင် (၈) ပါးဖြင့် ခြံရံအပ်	vol_5/chinese/[278]坏灭随观智章/[308] 由八种利益功德所围绕.md	matched
ad0b945e-ca6f-4dec-bce0-d120617e34bb	2	0	[309]a	[309]a သတိပဋ္ဌာန်လေးပါးသို့ သက်ဝင်ပုံ	vol_5/chinese/[278]坏灭随观智章/[309]a 趣入四念处的方式.md	matched
8d09c12a-9aba-4d68-8275-118cd8feef47	2	0	[309]b	[309]b (၁) ပထမ စတုက္က	vol_5/chinese/[278]坏灭随观智章/[309]b (一) 第一组四法.md	matched
2ae31e11-478a-4215-91a8-2d092cbac518	2	0	[310]	[310] (၂) ဒုတိယ စတုက္က	vol_5/chinese/[278]坏灭随观智章/[310] (二) 第二组四法.md	matched
25fc9ce9-aa30-442a-bbd2-6371db1f6e3a	2	0	[311]a	[311]a (က) ပီတိ ပဋိသံဝေဒီ	vol_5/chinese/[278]坏灭随观智章/[311]a (甲) 觉知喜.md	matched
2f1dd9b3-be46-4cc5-a784-267013d28547	2	0	[311]b	[311]b (ခ) သုခ ပဋိသံဝေဒီ	vol_5/chinese/[278]坏灭随观智章/[311]b (乙) 觉知乐.md	matched
16bf1dbd-9371-4e12-8601-62bb2d4b293a	2	0	[313]a	[313]a (ဂ) စိတ္တသင်္ခါရ ပဋိသံဝေဒီ	vol_5/chinese/[278]坏灭随观智章/[313]a (丙) 觉知心行.md	matched
6a3f490b-1480-40c7-b115-83014ab80624	2	0	[313]b	[313]b (ဃ) ပဿမ္ဘယံ စိတ္တသင်္ခါရံ	vol_5/chinese/[278]坏灭随观智章/[313]b (ဃ) 平息心行.md	matched
e14e816d-628a-4d55-a7fa-b97a72fa30c3	2	0	[314]a	[314]a ဝေဒနာနုပဿနာ	vol_5/chinese/[278]坏灭随观智章/[314]a 受随观.md	matched
0bd5920e-d1c5-4149-b6ce-41bb9bf09afc	2	0	[314]b	[314]b ဝေဒနာ တစ်ခုတည်းကိုပင် ရှုရမည်လော？	vol_5/chinese/[278]坏灭随观智章/[314]b 是否只观照受这一种？.md	matched
417c0fbd-6c8f-4396-9fce-05cef20aeb21	2	0	[314]c	[314]c  (၃) တတိယ စတုက္က	vol_5/chinese/[278]坏灭随观智章/[314]c (三) 第三组四法.md	matched
7ec5e255-be0c-48a1-89c6-d6131c5ed575	2	0	[315]	[315] (က) စိတ္တ ပဋိသံဝေဒီ	vol_5/chinese/[278]坏灭随观智章/[315] (甲) 觉知心.md	matched
0b287837-da71-4e1b-bf9d-3152ac73ff06	2	0	[316]	[316] (ခ) အဘိပ္ပမောဒယံ စိတ္တံ	vol_5/chinese/[278]坏灭随观智章/[316] (乙) 令心欢悦.md	matched
af3357d5-78e1-4d42-8e48-209e80190598	2	0	[317]	[317] (ဂ) သမာဒဟံ စိတ္တံ	vol_5/chinese/[278]坏灭随观智章/[317] (丙) 令心等持.md	matched
74a38c44-65c0-4a71-b588-0e0bed8d8a24	2	0	[318]	[318] (ဃ) ဝိမောစယံ စိတ္တံ	vol_5/chinese/[278]坏灭随观智章/[318] (丁) 令心解脱.md	matched
db1f5a73-570d-4110-97a1-b81f7aa6abc2	2	0	[320]	[320] ဒိဋ္ဌ - အဒိဋ္ဌ တရား	vol_5/chinese/[278]坏灭随观智章/[320] 见与未见之法.md	matched
ea3e3329-28ac-49ec-8e89-23894e74c277	2	0	[321]	[321] စိတ်တစ်ခုတည်းကိုပင် ရှုရမည်လော？	vol_5/chinese/[278]坏灭随观智章/[321] 只须观照单一的心吗？.md	matched
e599c8eb-eca9-4aa2-a256-02683246ba78	2	0	[321]b	[321]b (၄) စတုတ္ထ စတုက္က	vol_5/chinese/[278]坏灭随观智章/[321]b (四) 第四组四法.md	matched
15174dd5-b02a-453f-8906-921189d84f86	2	0	[322]	[322]  (က) အနိစ္စာနုပဿီ	vol_5/chinese/[278]坏灭随观智章/[322] (甲) 无常随观者.md	matched
57115b79-f248-4c68-8cbe-53ae4d317ec9	2	0	[324]	[324] (ခ) ဝိရာဂါနုပဿီ	vol_5/chinese/[278]坏灭随观智章/[324] (ခ) 离染随观者.md	matched
ea728bd0-568f-48a2-86ad-ab3abd41943d	2	0	[325]a	[325]a (ဂ) နိရောဓာနုပဿီ	vol_5/chinese/[278]坏灭随观智章/[325]a (ဂ) 灭尽随观者.md	matched
bad5506c-91b0-4dd1-8ce7-161ffbbfd0e8	2	0	[325]b	[325]b (ဃ) ပဋိနိဿဂ္ဂါနုပဿီ	vol_5/chinese/[278]坏灭随观智章/[325]b (ဃ) 定弃观者.md	matched
f7b6cffd-0934-4dfb-91a9-c4fb3ea7c2f1	2	0	[326]	[326] သုဒ္ဓဝိပဿနာနှင့် သမထဝိပဿနာ	vol_5/chinese/[278]坏灭随观智章/[326] 纯观与止观.md	matched
f47925a2-6ade-4a1a-8247-157ec8204df7	2	0	[327]	[327] သတိပဋ္ဌာန်ကျင့်စဉ် စတုတ္ထဆင့်သို့ ဆိုက်ပြီ	vol_5/chinese/[278]坏灭随观智章/[327] 已抵达念处行道的第四阶段.md	matched
82357f22-eafa-457a-91a6-89fb4dcbdae9	2	0	[328]	[328] ဣရိယာပထ - သမ္ပဇည ရှုကွက်	vol_5/chinese/[278]坏灭随观智章/[328] 威仪 - 正知观法.md	matched
d7375d21-00b8-43fb-ae8e-607540759293	2	0	[329]	[329] သေသူ - ရှင်သူ = လူသေ နှင့် လူရှင်	vol_5/chinese/[278]坏灭随观智章/[329] 死者 - 活者 = 死人与活人.md	matched
37eabbfe-50cf-4af2-ae4c-bcf5b70db83d	1	12	[330]a	[330]a ဘယတုပဋ္ဌာနဉာဏ်ခန်း	vol_5/chinese/[330]怖畏现起智章/[330]a 怖畏现起智章.md	matched
8da87082-79ac-4f87-b88d-65a3517a0b77	2	0	[330]b	[330]b ဘယဉာဏ်ဟူသည်	vol_5/chinese/[330]怖畏现起智章/[330]b 所谓怖畏智.md	matched
56d61c46-f11c-4b8f-ab80-746872dce624	2	0	[330]c	[330]c ဘယဉာဏ်သည် ကြောက်တတ်ပါသလော？	vol_5/chinese/[330]怖畏现起智章/[330]c 怖畏智会害怕吗？.md	matched
d15589f2-f696-44f5-837f-86f297ded3c2	2	0	[331]a	[331]a ပစ္စုပ္ပန်ဟူသည်	vol_5/chinese/[330]怖畏现起智章/[331]a 所谓现在.md	matched
2d41c02f-9eca-45bc-bf9d-8bd4c9c467b5	2	0	[331]b	[331]b လောကဥပမာများ	vol_5/chinese/[330]怖畏现起智章/[331]b 世间的譬喻.md	matched
158bfa4f-602a-4591-85ce-96b74a1129c6	2	0	[332]	[332] ကြောက်မက်ဖွယ် ဘယသဘောအားဖြင့် ထင်ပုံ	vol_5/chinese/[330]怖畏现起智章/[332] 以可怕的畏惧自性而显现的样子.md	matched
a5bb8fb7-2170-4904-ba5a-414188da2562	2	0	[333]b	[333]b ဘယဉာဏ်၏ အရှုခံအာရုံတရား	vol_5/chinese/[330]怖畏现起智章/[333]b 怖畏智的所观所缘法.md	matched
a304c30d-cdb9-4294-ad63-e03eebd5c33f	2	0		NGP-Vol-5[330]-1		parse_fail
bfd8ac81-d21e-4f8d-99ee-73ba7b6c02a4	2	0		NGP-Vol-5[330]-2		parse_fail
d789cf33-ea6f-4fc7-87bf-2d16cab3304b	2	0		NGP-Vol-5[331]-1		parse_fail
f0668af6-b886-4e71-8e65-bc60110e3b46	2	0		NGP-Vol-5[331]-2		parse_fail
f36e5a26-9c0c-4a6d-ac24-d529b68a5eef	2	0		NGP-Vol-5[332]		parse_fail
6a8604f9-f91c-4d8d-8a45-0fe4be1815d6	2	0		NGP-Vol-5[333]		parse_fail
f50041bf-c907-42f5-a215-da19d3caffe5	1	3	[334]	[334]အာဒီနဝါနုပဿနာဉာဏ်ခန်း	vol_5/chinese/[334]过患随观智章/[334] 过患随观智章.md	matched
c669902e-443c-4615-b355-9faf7f5f7042	2	0	[335]	[335] ပဋိသမ္ဘိဒါမဂ္ဂပါဠိတော်၌ ဟောကြားထားတေ	vol_5/chinese/[334]过患随观智章/[335] 在《无碍解道》巴利圣典中所开示的方式.md	matched
39e50f18-5a4c-4c50-a903-b18dd8ed2bc6	2	0	[337]	[337] ဒုက္ခ - သာမိသ - သင်္ခါရ	vol_5/chinese/[334]过患随观智章/[337] 苦 - 有诱饵 - 行.md	matched
4e5293a9-4b5a-43ca-b96b-8c230f2376fa	2	0	[339]	[339] ဉာဏ် (၁၀) ပါး	vol_5/chinese/[334]过患随观智章/[339] (10)种智.md	matched
29314bc1-70f2-4726-b0ec-ba971bb3c3f1	1	2	[340]	[340]နိဗ္ဗိဒါနုပဿနာဉာဏ်ခန်း	vol_5/chinese/[340]厌离随观智章/[340] 厌离随观智章.md	matched
99909546-47ae-4f56-b545-80e1c4021da8	2	0	[340]b	[340]b နိဗ္ဗိဒါနုပဿနာဉာဏ် = နိဗ္ဗိန္ဒဉာဏ်	vol_5/chinese/[340]厌离随观智章/[340]b 厌离随观智 = 倦厌智.md	matched
33af2dec-1c17-42a7-aab6-f6a07638fd9c	2	0	[341]	[341] တရားကိုယ် အနက်သဘောတူသော ဉာဏ်သုံးပါး	vol_5/chinese/[340]厌离随观智章/[341] 法体义理相同的三种智.md	matched
c4dfaffd-14ff-4a67-9e38-c435d3b80d4b	1	0	[342]	[342]မုဉ္စိတုကမျတာဉာဏ်ခန်း	vol_5/chinese/[342]欲解脱智章 .md/[342] 欲解脱智章 = 行法.md	matched
3ec038e7-f5af-4672-b931-d561f320356a	1	7	[343]	[343]ပဋိသင်္ခါနုပဿနာဉာဏ်ခန်း		unmatched
81c450fb-c8b5-444e-91ca-38aabfdd9e98	2	0	[343]b	[343]b ပဋိသင်္ခါနုပဿနာဉာဏ်	vol_5/chinese/[343]省察随观智章/[343]b 省察随观智.md	matched
d04bae32-5360-4ab6-9035-4ef15b357816	2	0	[344]a	[344]a အနိစ္စဟု ရှုပုံ	vol_5/chinese/[343]省察随观智章/[344]a 观为无常的方法.md	matched
0c294cbb-ac1b-42e2-b4b6-0871dfa235ff	2	0	[344]b	[344]b ဒုက္ခဟု ရှုပုံ	vol_5/chinese/[343]省察随观智章/[344]b 观为苦的方式.md	matched
cfb06428-352d-43c1-a10d-750e8dc9cb24	2	0	[346]a	[346]a အသုဘဟု ရှုပုံ	vol_5/chinese/[343]省察随观智章/[346]a 视为不净的观法.md	matched
5e44adb3-9888-48e6-b570-0a195f37eda9	2	0	[346]b	[346]b အနတ္တဟု ရှုပုံ	vol_5/chinese/[343]省察随观智章/[346]b 观为无我的方式.md	matched
a9f37114-aba0-447e-a970-d7b523879aa8	2	0	[347]a	[347]a လောကဥပမာ တစ်ရပ်	vol_5/chinese/[343]省察随观智章/[347]a 一则世间譬喻.md	matched
eefd908c-53e9-44c1-9823-2ac38d2a0b27	2	0	[347]b	[347]b ပဋိသမ္ဘိဒါမဂ္ဂပါဠိတော်၏ ဟောကြားတော်	vol_5/chinese/[343]省察随观智章/[347]b 《无碍解道》圣典的开示.md	matched
3468ccc6-0e45-4974-a15e-83eb0a7a944a	1	77	[349]	[349]သင်္ခါရုပေက္ခာဉာဏ်ခန်း		unmatched
6da44964-1ace-4d1e-b5ce-2cdaee52608e	2	0	[349]b	[349]b ဒွိကောဋိကာ သုညတာနုပဿနာ	vol_5/chinese/[349]行舍智章/[349]b 二分空随观.md	matched
a7bb0637-a48b-4b8d-8274-2b23bb251604	2	0	[350]	[350] စတုကောဋိကာ သုညတာနုပဿနာ	vol_5/chinese/[349]行舍智章/[350] 四分空随观.md	matched
0b05348c-5051-4656-9374-232a5c6d4b6a	2	0	[351]a	[351]a ၁။ နာဟံ ကွစနိ	vol_5/chinese/[349]行舍智章/[351]a 一、我不在任何处.md	matched
6ec61bd9-ea92-44e8-8844-516d8e1e6c58	2	0	[351]b	[351]b ၂။ ကဿစိ ကိဉ္စနတသ္မိံ	vol_5/chinese/[349]行舍智章/[351]b 二、不属于任何人的任何所属.md	matched
ec7ab23d-a2fc-4dfd-ab05-42319975ad1f	2	0	[352]a	[352]a အတ္တ အတ္တနိယ သုညတ	vol_5/chinese/[349]行舍智章/[352]a 我、我所、空性.md	matched
b036e213-e040-4f3b-9f6b-389ffa51aa44	2	0	[352]b	[352]b ၃။ န စ (မမ) ကွစနိ	vol_5/chinese/[349]行舍智章/[352]b 三、不属于我的任何处.md	matched
cd9a11c1-efd9-4656-a3b3-b530a5f6ba23	2	0	[352]c	[352]c ၄။ မမ ကိသ္မိဉ္စိ ကိဉ္စနတတ္ထိ	vol_5/chinese/[349]行舍智章/[352]c 四、不属于我的任何所属.md	matched
38cd34c0-dc6b-4231-a8d1-ddf331d703e3	2	0	[353]	[353] ဆကောဋိက - ဆဟာကာရသုညတာနုပဿနာ	vol_5/chinese/[349]行舍智章/[353] 六分 - 六行相空性随观.md	matched
8adeadcf-1f05-498d-8103-d4f3ceeae485	2	0	[354]a	[354]a ဘာ၀နာစိတ်သည် ငြိမ်ဝပ်စွာ သင်္ခါရအာ	vol_5/chinese/[349]行舍智章/[354]a 修习心平静地依附安住于行所缘时.md	matched
62a7bf43-b88a-4273-a490-2663fa272bc2	2	0	[354]a	[354]a အဋ္ဌ အာကာရ = အဋ္ဌကောဋိက သုညတာနုပဿနာ	vol_5/chinese/[349]行舍智章/[354]a 修习心平静地依附安住于行所缘时.md	matched
25318ccf-875c-49bc-9b34-d56fc8f8c11f	2	0	[354]b	[354]b ဒသဟာကာရ = ဒသကောဋိက သုညတာနုပဿနာ	vol_5/chinese/[349]行舍智章/[354]b 十行相 = 十分空性随观.md	matched
5a925966-23bc-47f0-a6b2-9d3bb32aad88	2	0	[355]	[355] ဒွါဒသဟာကာရ သုညတာနုပဿနာ	vol_5/chinese/[349]行舍智章/[355] 十二行相空性随观.md	matched
8db245b5-d2c6-4df5-9387-27ca470064e1	2	0	[356]	[356] ဒွါစတ္တာလီသာ အာကာရ - သုညတာနုပဿနာ	vol_5/chinese/[349]行舍智章/[356] 四十二行相 - 空性随观.md	matched
25936357-005c-487c-8612-8c6ee7fc72a7	2	0	[358]	[358] (၄၂) ပါးသော အခြင်းအရာ	vol_5/chinese/[349]行舍智章/[358] (42) 种行相.md	matched
0649186f-adf2-4cf2-bcd4-3c7ed3be583f	2	0	[359]a	[359]a ရှင်သေမင်း မမြင်နိုင်သူ	vol_5/chinese/[349]行舍智章/[359]a 死王无法看见之人.md	matched
4f4c0e40-882b-45b6-ae65-6ffe52e4ed36	2	0	[359]b	[359]b ဘယ နှင့် နန္ဒီ	vol_5/chinese/[349]行舍智章/[359]b 畏惧与喜.md	matched
519c7929-d7b4-4d65-8e4c-36d38ed9d648	2	0	[361]	[361] ငြိမ်နေတတ်ပုံ	vol_5/chinese/[349]行舍智章/[361] 趋于平静安住的样子.md	matched
85a2f13f-cf9f-43dd-bf9e-16980310370b	2	0	[362]	[362] အရေးအကြီးဆုံးသော အချိန်တစ်ချိန်	vol_5/chinese/[349]行舍智章/[362] 一段最重要的时间.md	matched
dfb40bb1-3775-49e1-a041-418db26de435	2	0	[363]a	[363]a ဣရိယာပထ - သမ္ပဇည ရှုကွက် အမြွက်	vol_5/chinese/[349]行舍智章/[363]a 威仪 - 正知 观照格 略示.md	matched
bf702fb3-fa98-45a3-9358-0c142d29016f	2	0	[363]b	[363]b မျက်စိဖွင့်၍ ရှုကြည့်ပါ	vol_5/chinese/[349]行舍智章/[363]b 睁开眼睛观察.md	matched
80946536-9196-44c6-8ea5-4ab29a8b0c95	2	0	[364]b	[364]b ပုဂ္ဂလဇ္ဈာသယ	vol_5/chinese/[349]行舍智章/[364]b 个体意乐.md	matched
99a64d7e-8c00-4ffa-9f57-d73d5033a273	2	0	[366]	[366] ယုဂနဒ္ဓသုတ္တန် (အံ၊၁၊၄၇၅။)	vol_5/chinese/[349]行舍智章/[366] 轭结缚经 (增支部1,475).md	matched
9a879c4d-5d63-4a3c-a9a2-a36db359dab4	2	0	[367]	[367] ဘာသာပြန်နှင့် အဓိပ္ပါယ် ရှင်းလင်းချ	vol_5/chinese/[349]行舍智章/[367] 译文与含义解释.md	matched
d37daf16-c03c-40ff-9b2c-1cafd644468f	2	0	[372]	[372] ဒိသာကာက - ကျီး	vol_5/chinese/[349]行舍智章/[372] 知方乌鸦.md	matched
6d4341fb-1bbe-465b-a464-03ac7f2c7ce2	2	0	[374]a	[374]a ဝိမောက္ခမုခ (၃) မျိုး	vol_5/chinese/[349]行舍智章/[374]a 三种解脱门.md	matched
ba30c17b-220b-4942-9870-96787d4fe762	2	0	[374]b	[374]b အနိစ္စာနုပဿနာ = အနိမိတ္တဝိမောက္ခ	vol_5/chinese/[349]行舍智章/[374]b 随观无常 = 无相解脱.md	matched
99473387-9eb2-4be4-8728-2806b954034d	2	0	[375]	[375] သဒ္ဓိန္ဒြေ အဖြစ်များပုံ	vol_5/chinese/[349]行舍智章/[375] 信根增盛的情形.md	matched
35ded727-88ed-4a2b-a344-18062e467fc1	2	0	[376]	[376] ဒုက္ခာနုပဿနာ = အပ္ပဏိဟိတဝိမောက္ခ	vol_5/chinese/[349]行舍智章/[376] 苦随观 = 无愿解脱.md	matched
39ce7fc3-9bb5-4452-89be-17db1ae362ee	2	0	[377]	[377] အနတ္တာနုပဿနာ = သုညတဝိမောက္ခ	vol_5/chinese/[349]行舍智章/[377] 无我随观 = 空解脱.md	matched
fdbab328-3a90-4048-8bc1-ca97bedaac58	2	0	[378]	[378] မုချ နှင့် ပရိယာယ်	vol_5/chinese/[349]行舍智章/[378] 直接与方便.md	matched
d4e55f7b-12a1-410d-b05c-217e5372df4e	2	0	[379]	[379] သုညတ အမည်ရပုံ	vol_5/chinese/[349]行舍智章/[379] 空得名的方式.md	matched
233f0b7b-2194-4851-89f1-66519ac6d912	2	0	[381]	[381] အပ္ပဏိဟိတ အမည်ရပုံ	vol_5/chinese/[349]行舍智章/[381] 获得「无愿」名称的方式.md	matched
0275f8a4-6749-47f8-8428-da2a7a62afa6	2	0	[382]	[382]  လက္ခဏာရေး သုံးတန်	vol_5/chinese/[349]行舍智章/[382] 三种特相.md	matched
20b2b7ad-c28b-4a54-a040-f086ab5484a9	2	0	[384]	[384] အရိယပုဂ္ဂိုလ် (၇) မျိုး - ဝေဖန်ပုံ	vol_5/chinese/[349]行舍智章/[384] 圣者（七）种 —— 判别方式.md	matched
564910f8-c612-4456-bc4f-0f72a46d3fba	2	0	[384]b	[384]b မေးမြန်းဖွယ် အချက်	vol_5/chinese/[349]行舍智章/[384]b 值得提问之处.md	matched
57dab21c-0da8-4f34-87af-d37b6312fcd9	2	0	[385]	[385] မုချအားဖြင့် ယူပုံ	vol_5/chinese/[349]行舍智章/[385] 以确定的方式把握.md	matched
f434fab4-badb-40b3-99f7-3e999b65af3b	2	0	[386]	[386] နိပ္ပရိယာယ = မုချအားဖြင့် ယူပုံ - ပု	vol_5/chinese/[349]行舍智章/[386] 究竟法 = 以确定的方式把握 - 个体.md	matched
b6b5df82-a623-4a8b-b68f-d6d73e105a1e	2	0	[387]	[387] သုံးမည်ရ ဉာဏ်	vol_5/chinese/[349]行舍智章/[387] 有三种名称的智.md	matched
85b54f47-94fb-4f35-abec-e8cfd670cfed	2	0	[388]	[388] ဝုဋ္ဌာနဂါမိနီဝိပဿနာ	vol_5/chinese/[349]行舍智章/[388] 导向出起的观.md	matched
dbdc4471-57f0-4e9e-9703-8bf91d20bd82	2	0	[389]	[389] မန္ဒပညပုဂ္ဂိုလ်၏ သောတာပတ္တိမဂ္ဂဝီထိ	vol_5/chinese/[349]行舍智章/[389] 钝慧个体的入流道心路.md	matched
b3704de1-fab6-4a6d-8135-83e9f76a702a	2	0	[389]b	[389]b တိက္ခပညပုဂ္ဂိုလ်၏ သောတာပတ္တိမဂ္ဂဝီထိ	vol_5/chinese/[349]行舍智章/[389]b 锐慧个体的入流道心路.md	matched
45c55a60-ee2f-4e3e-9eab-d6b56330b919	2	0	[390]	[390] ဝုဋ္ဌာနဂါမိနီ ဝိပဿနာ၏ အာရုံ	vol_5/chinese/[349]行舍智章/[390] 导向出起的观的所缘.md	matched
6d186d0c-cdf6-4597-bf05-3b12ef8215d6	2	0	[391]	[391] အဘိနိဝေသနှင့် ဝုဋ္ဌာန အမျိုးအစား	vol_5/chinese/[349]行舍智章/[391] 黏着与出起的类别.md	matched
f620fee8-4842-4348-9bed-36dfa25229c4	2	0	[395]	[395] တေဘူမက ကမ္မဋ္ဌာနိက ပုဂ္ဂိုလ်မြတ်ကြီး	vol_5/chinese/[349]行舍智章/[395] 三地业处者大德.md	matched
7b9bad4c-44b4-4be8-9fb3-d6cada115cf7	2	0	[396]	[396] ပုဂ္ဂိုလ် အမျိုးအစား	vol_5/chinese/[349]行舍智章/[396] 个体的种类.md	matched
66db8290-4f38-41a1-b6bd-10a557e1d09c	2	0	[397]a	[397]a ဥပမာ (၁၂) ရပ် (ဝိသုဒ္ဓိ၊၂၊၃၀၁-၃၀၅။)	vol_5/chinese/[349]行舍智章/[397]a 十二种譬喻 (清净之道,2,301-305).md	matched
97bfc246-1774-4696-8744-6cbc48f40dfc	2	0	[397]b	[397]b ၁။ ဝဂ္ဂုလိ = လင်းနို့	vol_5/chinese/[349]行舍智章/[397]b 一、蝙蝠.md	matched
fa4a3187-4cb5-4d29-95a5-b66ec6747d46	2	0	[398]	[398] ၂။ ကဏှသပ္ပ = မြွေဟောက်	vol_5/chinese/[349]行舍智章/[398] 2. 眼镜蛇 = 眼镜蛇.md	matched
046d0d22-e794-4bb5-a1c2-08182ff82a39	2	0	[399]	[399] ၃။ ဃရံ = အိမ်	vol_5/chinese/[349]行舍智章/[399] 3. 家 = 家.md	matched
8d8de707-4213-454c-91ba-4f1341cb6904	2	0	[400]a	[400]a ၄။ ဂေါ = နွား	vol_5/chinese/[349]行舍智章/[400]a 4. 牛 = 牛.md	matched
181207c6-10b3-44ca-8944-897d179f0f9e	2	0	[400]b	[400]b ၅။ ယက္ခီ = ဘီလူးမ	vol_5/chinese/[349]行舍智章/[400]b 5. 母亚卡 = 女妖.md	matched
870e5cca-3749-4787-bc17-dd1d04fe18c0	2	0	[401]a	[401]a ၆။ ဒါရက = သူငယ်	vol_5/chinese/[349]行舍智章/[401]a 6. 小孩 = 小孩.md	matched
139697a0-3366-4f4a-bf55-2abb22c85969	2	0	[401]b	[401]b ကြွင်းဥပမာ (၆) ရပ်	vol_5/chinese/[349]行舍智章/[401]b 余下的(六)种譬喻.md	matched
113d0137-a1ba-4a78-a8cb-c1a5d4069c6a	2	0	[402]	[402] အမတရသံ ကာယဂတာသတိဘောဇနံ	vol_5/chinese/[349]行舍智章/[402] 具不死之味的身至念之食.md	matched
d1e89521-825b-4cd9-bffd-2a035cfbc562	2	0	[404]	[404] တွန့်လိပ်သော စိတ်ထားရှိသူ	vol_5/chinese/[349]行舍智章/[404] 具有退缩心态者.md	matched
ce632e98-e2ff-444b-9034-d9a4886714f2	2	0	[404]b	[404]b ဗောဇ္စျင် - မဂ္ဂင် - ဈာနင် - ပဋိပဒါ - ဝိမောက္ခ ထူးခြားမှု (ဝိသုဒ္ဓိ၊၂၊၃၀၅။ )1	vol_5/chinese/[349]行舍智章/[404]b 觉支 - 道支 - 禅支 - 行道 - 解脱 差别（清净之道,2,305。）1.md	matched
39466664-308b-47f6-af07-4b9d303affbb	2	0	[405]	[405] ၁။ ပထမတ္ထေရဝါဒ - ပါဒကဇ္စျာနဝါဒ	vol_5/chinese/[349]行舍智章/[405] 一、第一长老说 - 基础禅那说.md	matched
5308dc21-ff29-435f-a6fd-52df0a0e6727	2	0	[408]	[408] ၂။ ဒုတိယတ္ထေရဝါဒ = သမ္မသိတဈာနဝါဒ	vol_5/chinese/[349]行舍智章/[408] 二、第二长老辩论 = 思惟禅辩论.md	matched
c4ae598a-804c-41ed-89dd-2d9127e9df99	2	0	[409]	[409] ၃။ တတိယတ္ထေရဝါဒ = ပုဂ္ဂလဇ္စျာသယ ဈာနဝ	vol_5/chinese/[349]行舍智章/[409] 三、第三长老辩论 = 众生意乐禅那辩论.md	matched
e7ef85a8-a39a-45b2-937d-6666d708f06b	2	0	[410]	[410] တိပိဋက စူဠနာဂ မထေရ်၏ ဝါဒ၌ စိစစ်ချက်	vol_5/chinese/[349]行舍智章/[410] 对三藏小龙长老主张的审查.md	matched
55089a26-9f6c-4020-8073-7a91468468e5	2	0	[412]	[412] မောရဝါပီဝါသီ မဟာဒတ္တမထေရ်၏ ဝါဒ၌ စိစ	vol_5/chinese/[349]行舍智章/[412] 对莫拉瓦比住者大赐大长老之辩论的检讨.md	matched
34f4a3f9-47da-4309-8f1b-4cfa9bbf70f5	2	0	[413]	[413]  တိပိဋက စူဠာဘယမထေရ်၏ ဝါဒ၌ စိစစ်ချက်	vol_5/chinese/[349]行舍智章/[413] 对三藏小无畏长老主张的审查.md	matched
7efbc472-3630-475f-afab-d79c4ec015f8	2	0	[415]a	[415]a ပဋိပဒါ (၄) မျိုး	vol_5/chinese/[349]行舍智章/[415]a 四种行道.md	matched
e8838750-964d-4934-8dd5-98f867a2cac2	2	0	[415]b	[415]b အဋ္ဌသာလိနီ အဋ္ဌကထာ၏ သုံးသပ်ချက်	vol_5/chinese/[349]行舍智章/[415]b 胜义分明义疏的评述.md	matched
38f9a2f4-bcfe-4294-a0da-e9c2f55361fd	2	0	[416]a	[416]a အဋ္ဌကထာဆရာတော်တို့ နှစ်သက်သည့် ဝါရ	vol_5/chinese/[349]行舍智章/[416]a 义注诸位尊师所喜好的节.md	matched
b5900475-e705-42be-bfd2-066ae39858c2	2	0	[416]b	[416]b ၁။ ပထမ - ရူပါရူပပရိဂ္ဂဟ ဝါရ	vol_5/chinese/[349]行舍智章/[416]b 一、初 - 色非色摄受节.md	matched
f615be8c-86f6-499d-8012-edab314a5959	2	0	[417]	[417] ၂။ ဒုတိယ - နာမရူပ၀ဝတ္ထာပန ဝါရ	vol_5/chinese/[349]行舍智章/[417] 二、第二 - 名色分别节.md	matched
bc1ee5af-6e39-494c-b43d-8e3c2226e295	2	0	[418]a	[418]a ၃။ တတိယ - ပစ္စယပရိဂ္ဂဟ ဝါရ	vol_5/chinese/[349]行舍智章/[418]a 三、第三 - 缘摄受节.md	matched
5604729c-ebe7-4a8f-9aa1-9c0d4f33e951	2	0	[418]b	[418]b ၄။ စတုတ္ထ - လက္ခဏပဋိဝေဓ ဝါရ	vol_5/chinese/[349]行舍智章/[418]b 四、第四 - 相通达节.md	matched
1eaa42d6-2809-4217-8261-a3936fa84e24	2	0	[418]c	[418]c ၅။ ပဉ္စမ - နိကန္တိပရိယာဒါနဝါရ	vol_5/chinese/[349]行舍智章/[418]c 5. 第五 - 断尽微细欲求之节.md	matched
b65dbaa4-606c-4662-982f-0f2720035e28	2	0	[419]a	[419]a အဋ္ဌကထာဆရာတော်တို့ နှစ်သက်တော်မူသော ဝါရ1	vol_5/chinese/[349]行舍智章/[419]a 义注诸师所认可的节1.md	matched
f84391f2-494c-48b2-a565-a9e3560ff9b1	2	0	[419]b	[419]b မဟာဋီကာဆရာတော်၏ သုံးသပ်ချက်	vol_5/chinese/[349]行舍智章/[419]b 大复注尊师的评述.md	matched
bd8e32e3-a828-4f28-977e-49d154fe96c7	2	0	[420]	[420] ပဋိပဒါ ကွဲပြားမှု တူညီမှု	vol_5/chinese/[349]行舍智章/[420] 行道的差别与相同.md	matched
c5803631-3378-4d2b-9cc6-edce5ea33b9f	2	0	[422]	[422] တစ်နည်း အရိယမဂ်ဉာဏ်၏ အမည်များ ရရှိ	vol_5/chinese/[349]行舍智章/[422] 另一种方式——获得圣道智的名称.md	matched
56c2c960-83cc-42a5-b60e-1d7f51f37ae5	2	0	[424]	[424] ပဋိသန္ဓေကျိုးကို ပေးနိုင်သည့် သင်္ခါ	vol_5/chinese/[349]行舍智章/[424] 能给予结生果报的行舍.md	matched
90c4af11-88f2-45da-bba2-fa9adb9507c1	2	0	[426]a	[426]a အရေးအကြီးဆုံးသော အချိန်	vol_5/chinese/[349]行舍智章/[426]a 最重要的时刻.md	matched
21514135-41e8-4033-9bcf-45c51e9a52a6	2	0	[426]b	[426]b သောတာနုဂတသုတ္တန်	vol_5/chinese/[349]行舍智章/[426]b 随耳而入经.md	matched
4d06f4e3-f6d3-44b2-a531-9cc9d7ffb526	1	24	[433]	[433] အနုလောမဉာဏ်ခန်း	vol_5/chinese/[433]随顺智章/[433] 随顺智章.md	matched
16905afc-1f6b-422c-8e6c-961e6e9bb95d	2	0	[433]b	[433]b သစ္စာနုလောမိကဉာဏ်	vol_5/chinese/[433]随顺智章/[433]b 谛随顺智.md	matched
3170687e-7426-4a3f-b269-47269dcad4d6	2	0	[437]	[437] ၁။ အတမ္မယတာ	vol_5/chinese/[433]随顺智章/[437] 1。无渴爱所成性.md	matched
651ccf51-dbb4-41e4-bce0-26e2bbfcf773	2	0	[437]a	[437]a ဝုဋ္ဌာနဂါမိနီ ဝိပဿနာ၏ အမည်များ	vol_5/chinese/[433]随顺智章/[437]a 至出起观的诸名称.md	matched
0bc73938-20ac-45ad-93f3-21c57d5cfac9	2	0	[439]	[439] ၂။ နိဗ္ဗိဒါ	vol_5/chinese/[433]随顺智章/[439] 2。倦离.md	matched
1baffdc7-406d-43dc-af9a-02d27d7dcb23	2	0	[439]b	[439]b ၃။ ဓမ္မဋ္ဌိတိဉာဏ်	vol_5/chinese/[433]随顺智章/[439]b 3。法住智.md	matched
768e6311-037e-4341-b3cb-284900b54d9c	2	0	[441]a	[441]a ၄။ သညဂ္ဂ	vol_5/chinese/[433]随顺智章/[441]a 4。想顶.md	matched
cdde1e94-efbe-490e-abbb-13b06375d6ba	2	0	[441]b	[441]b ၅။ ပါရိသုဒ္ဓိပဓာနိယင်္ဂ	vol_5/chinese/[433]随顺智章/[441]b 5。遍净主导因缘支.md	matched
13984775-93e6-4a10-bd40-253ac5e38d84	2	0	[441]c	[441]c ၆။ မုဉ္စိတုကမျတာဉာဏ် + ပဋိသင်္ခါနုပဿ	vol_5/chinese/[433]随顺智章/[441]c 六、欲解脱智 + 省察随观.md	matched
c26e8ea5-2d24-4157-926c-0b2f4d54840e	2	0	[442]a	[442]a ၇။ အနုလုံ ဂေါတြဘု ဝေါဒါန်	vol_5/chinese/[433]随顺智章/[442]a 七、随顺 种姓 净化.md	matched
cf1aab82-084a-4aae-a0ff-1ac2468e0fb8	2	0	[442]b	[442]b ၈။ ပဋိပဒါဉာဏဒဿန ဝိသုဒ္ဓိ	vol_5/chinese/[433]随顺智章/[442]b 八、行道智见清净.md	matched
6c66b7cb-336a-4b97-84db-1439e7b3aca1	2	0	[443]	[443] နိမိတ္တနှင့် ပဝတ္တမှ ထပုံ ဖြတ်ထုံး	vol_5/chinese/[433]随顺智章/[443] 从相与生命期间出起的方式判别.md	matched
811bab63-fc0c-4b92-a73f-36d910b39fa3	2	0	[444]a	[444]a ၁။ မဟာပညပုဂ္ဂိုလ်၏ မဂ္ဂဝီထိ	vol_5/chinese/[433]随顺智章/[444]a 一、大慧者的道心路.md	matched
5299618e-5563-4cbf-b9b4-faa215cae46e	2	0	[444]b	[444]b ၂။ မဇ္စျိမပညပုဂ္ဂိုလ်၏ မဂ္ဂဝီထိ	vol_5/chinese/[433]随顺智章/[444]b 二、中慧者的道心路.md	matched
911c7f53-ef40-4da6-9621-6bdd41586c99	2	0	[444]c	[444]c ၃။ မန္ဒပညပုဂ္ဂိုလ်၏ မဂ္ဂဝီထိ	vol_5/chinese/[433]随顺智章/[444]c 三、钝慧者的道心路.md	matched
f9405603-c478-40e8-9362-8d0ad624701c	2	0	[448]	[448] အနုပါဒိန္နက ဝုဋ္ဌာန = အနုပါဒိန္နက ခ	vol_5/chinese/[433]随顺智章/[448] 非执取出起 = 非执取蕴.md	matched
136865d9-7292-4e1b-9ca4-e0ed10eb30d1	2	0	[449]a	[449]a ဥပါဒိန္နက ဝုဋ္ဌာန = ဥပါဒိန္နက ခန္ဓာအ	vol_5/chinese/[433]随顺智章/[449]a 执取出起 = 执取蕴.md	matched
444506c9-5939-4e0c-8fc9-7a1b3ee73649	2	0	[449]b	[449]b (၇) ဘ၀ အယူအဆ	vol_5/chinese/[433]随顺智章/[449]b (七)有的见解.md	matched
dd98cbd9-794e-4f83-9426-1eda5f672e5d	2	0	[450]a	[450]a သောတာပန် သုံးမျိုး	vol_5/chinese/[433]随顺智章/[450]a 三种入流者.md	matched
100f2142-68cf-478d-ae18-586ef1aba1f8	2	0	[450]b	[450]b သတ်မှတ်ပေးသောတရား	vol_5/chinese/[433]随顺智章/[450]b 决定性的法.md	matched
3814d80d-8941-498d-bc5b-16964da4291b	2	0	[451]	[451] ထပ်မံ ရှင်းလင်းချက်များ	vol_5/chinese/[433]随顺智章/[451] 补充说明.md	matched
130b78fe-f697-4de6-8dc4-68cbdfa36a72	2	0	[452]	[452] သမ္မောဟဝိနောဒနီ အဋ္ဌကထာ၏ ဖွင့်ဆိုချ	vol_5/chinese/[433]随顺智章/[452] 除痴注释的解说.md	matched
fe4244e9-d6c1-4166-b81c-271e0188525a	2	0	[453]	[453] အထက်မဂ် သုံးပါးတို့ ပဝတ္တမှ ထပုံ	vol_5/chinese/[433]随顺智章/[453] 上三道从转起出起的样态.md	matched
04288d0f-a94b-4129-84c9-9834cf685870	2	0	[457]	[457] အနုပဒဓမ္မ ဝိပဿနာ	vol_5/chinese/[433]随顺智章/[457] 逐个法观.md	matched
c147e45e-b0ae-41a4-926e-b7a255145188	2	0	[460]	[460] အဝိဇ္ဇာနှင့် ဝိဇ္ဇာ	vol_5/chinese/[433]随顺智章/[460] 无明与明.md	matched
923a3b75-808d-48b3-91cf-5def26280bbd	1	43	[463]	[463]ဉာဏဒဿနဝိသုဒ္ဓိနိဒ္ဒေသ		unmatched
e9a48830-c2b7-4daf-a390-f3055adee4bf	2	0	[463]b	[463]b ပထမမဂ်ဉာဏ် = သောတာပတ္တိမဂ်ဉာဏ်	vol_5/chinese/[463]智见清净释/[463]b 第一道智 = 入流道智.md	matched
175dff6b-cb08-4100-98cd-a8ec819d679f	2	0	[466]	[466] သောတာပန် ပုဂ္ဂိုလ်	vol_5/chinese/[463]智见清净释/[466] 须陀洹个体.md	matched
9c4e91b1-75c5-4d43-8dca-9746b8bd5371	2	0	[469]a	[469]a ဒုတိယမဂ်ဉာဏ်ပိုင်း	vol_5/chinese/[463]智见清净释/[469]a 第二道智部分.md	matched
79c21d43-b4f6-4754-bb24-f505e9daae5c	2	0	[469]b	[469]b ကိလေသာ ခေါင်းပါးမှု	vol_5/chinese/[463]智见清净释/[469]b 烦恼的稀薄.md	matched
37741c5e-ed9c-4327-814f-96dd9d00c2e6	2	0	[470]	[470] တစ်ကြိမ်သာ ပြန်လာသူ = သကဒါဂါမ်ပုဂ္	vol_5/chinese/[463]智见清净释/[470] 只回来一次者 = 一来者个体.md	matched
3526a760-bf1f-46bb-83e0-5e4a1cb517ba	2	0	[471]	[471] တတိယမဂ်ဉာဏ်ပိုင်း	vol_5/chinese/[463]智见清净释/[471] 第三道智部分.md	matched
911f07c9-7fdf-4043-b0cb-23629651febe	2	0	[472]	[472] စတုတ္ထမဂ်ဖိုလ် = အရဟတ္တမဂ်ဖိုလ်	vol_5/chinese/[463]智见清净释/[472] 第四道果 = 阿拉汉道果.md	matched
41781811-1341-4a54-afdf-7c2f58a95c0f	2	0	[473]	[473] သတိပဋ္ဌာန် လေးပါး ပြည့်စုံပြီ	vol_5/chinese/[463]智见清净释/[473] 四念处已圆满.md	matched
56269a3d-b6af-4240-9886-bba618671107	2	0	[474]	[474] ဗောဓိပက္ခိယတရား (၃၇) ပါး	vol_5/chinese/[463]智见清净释/[474] 三十七种菩提分法.md	matched
d68fec9c-45bd-482a-ba04-db5b12cf0662	2	0	[479]	[479] အရိယမဂ်ခဏ၌ ဗောဓိပက္ခိယတရား (၃၇) ပါး ဖြစ်ပုံ	vol_5/chinese/[463]智见清净释/[479] 圣道刹那三十七种菩提分法生起的情形.md	matched
70d112c1-83b1-43ca-bd6f-4c32a89049e9	2	0	[481]	[481] တရားကိုယ် ကောက်ယူပုံ	vol_5/chinese/[463]智见清净释/[481] 法体的归纳方式.md	matched
cad00962-43e7-4b87-9178-ab896ddd0be4	2	0	[483]	[483] နိမိတ္တ-ပဝတ္တမှ ထပုံ ဝုဋ္ဌာနပိုင်း	vol_5/chinese/[463]智见清净释/[483] 从相与生命期间出起的方式——出起部分.md	matched
42101a3d-9a11-4e2e-af34-7d3b15c5463a	2	0	[484]	[484] ဂေါတြဘုဉာဏ်	vol_5/chinese/[463]智见清净释/[484] 种姓智.md	matched
523e2086-96c4-45c5-81b7-4bf352ba0860	2	0	[485]	[485] ဥဘတော ဝုဋ္ဌာန - မဂ်ဉာဏ်	vol_5/chinese/[463]智见清净释/[485] 从两侧出起 - 道智.md	matched
d5e3437c-ce3f-4803-b31e-21639b24f6d0	2	0	[489]	[489] သမထဗလ ဝိပဿနာဗလ = သမထစွမ်းအား ဝိပဿနာ	vol_5/chinese/[463]智见清净释/[489] 止力 观力 = 止的力量 观.md	matched
3fc24a45-49ad-483a-bcbb-8515a4187990	2	0	[489]b	[489]b ပဋိသမ္ဘိဒါမဂ္ဂပါဠိတော်၌ ဟောကြားထား	vol_5/chinese/[463]智见清净释/[489]b 在《无碍解道》圣典中的宣说.md	matched
27cba36f-f4bf-443d-b40e-239c9f95d836	2	0	[490]	[490] အရိယမဂ်တရားက ပယ်ရှားသည့် ကိလေသာ	vol_5/chinese/[463]智见清净释/[490] 圣道法所舍断的烦恼.md	matched
63c54600-0eb2-49f4-8c22-974e41d5c8c1	2	0	[492]	[492] ဘူမိလဒ္ဓုပ္ပန္န ကိလေသာ	vol_5/chinese/[463]智见清净释/[492] 得地已生的烦恼.md	matched
d06a24ac-ecaa-4896-82ca-de72ab68b9b6	2	0	[495]a	[495]a ဘူမိအမည် မရနိုင်သည့် ခန္ဓာ	vol_5/chinese/[463]智见清净释/[495]a 无法得到「地」名称的蕴.md	matched
71011d41-397d-409f-858e-16caa2d4218f	2	0	[495]b	[495]b မည်သည့် ခန္ဓာ၌ ကိန်းသနည်း？	vol_5/chinese/[463]智见清净释/[495]b 驻留于何蕴之中？.md	matched
1124ee16-d6fe-4d7e-9012-4582c9f1c9c1	2	0	[497]	[497] သစ္စာလေးပါးကို တစ်ပြိုင်နက် သိပုံ	vol_5/chinese/[463]智见清净释/[497] 同时了知四谛的方式.md	matched
4cfb4420-29fa-450a-8889-f056a993b1df	2	0	[499]	[499] ယုတ္တိသာဓက ပါဠိတော်	vol_5/chinese/[463]智见清净释/[499] 理证依据的巴利圣典.md	matched
8dd24f0a-1b05-42b5-98ae-3cee883d9db4	2	0	[500]	[500] ဥပမာ ဥပမေယျ နှီးနှောချက်	vol_5/chinese/[463]智见清净释/[500] 譬喻与所喻的对照.md	matched
dd2865f9-c586-4ac8-826c-ec0f59faf367	2	0	[501]a	[501]a သစ္စာအနက် (၁၆) ချက်	vol_5/chinese/[463]智见清净释/[501]a 谛的十六种意义.md	matched
e6ebb15a-9bc6-4005-95e3-4746868f1618	2	0	[501]b	[501]b ဒုက္ခသစ္စာအနက် (၄) ချက်	vol_5/chinese/[463]智见清净释/[501]b 苦圣谛之义（4）点.md	matched
d0197397-92c4-419d-8a93-bc84738bece3	2	0	[504]a	[504]a မှတ်သားထားရန် ထူးခြားချက်	vol_5/chinese/[463]智见清净释/[504]a 应当记住的特别之处.md	matched
89c2b7e3-e09c-4e1c-b1b1-e7c31b4ea717	2	0	[504]b	[504]b သမုဒယသစ္စာအနက် (၄) ချက်	vol_5/chinese/[463]智见清净释/[504]b 苦因圣谛之义 (四) 项.md	matched
19847b0b-1958-4b4a-b79b-0a7fd065e2a2	2	0	[505]	[505] နိရောဓသစ္စာအနက် (၄) ချက်	vol_5/chinese/[463]智见清净释/[505] 灭谛之义(四)点.md	matched
6f67b271-2826-4d7f-a307-00245d820e45	2	0	[507]	[507] စောဒနာဖွယ် အချက်များ	vol_5/chinese/[463]智见清净释/[507] 值得提问的要点.md	matched
d28236ec-1cc1-4022-b29c-fa08ac0953f6	2	0	[510]	[510] မဂ္ဂသစ္စာအနက် (၄) ချက်	vol_5/chinese/[463]智见清净释/[510] 道谛之义的（四）点.md	matched
a989ce21-ab3b-40bb-ba27-3f0359b7e27f	2	0	[513]	[513] ပရိညာဘိသမယ	vol_5/chinese/[463]智见清净释/[513] 遍知现观.md	matched
6eb45a4b-e7c2-482f-bc8d-7843ce0f8fe6	2	0	[515]	[515] ပဟာနာဘိသမယ	vol_5/chinese/[463]智见清净释/[515] 舍断现观.md	matched
4f8998b5-16e7-4118-8480-bd1123854136	2	0	[516]	[516] မဟာဝိပဿနာ (၁၈) မျိုး	vol_5/chinese/[463]智见清净释/[516] 大观(18)种.md	matched
0303f67f-4dc2-454f-819b-9e6aec813342	2	0	[518]	[518] သစ္ဆိကိရိယာဘိသမယ	vol_5/chinese/[463]智见清净释/[518] 现证现观.md	matched
03731aea-0e46-4db3-ae17-f4826087a349	2	0	[520]	[520] ဘာ၀နာဘိသမယ	vol_5/chinese/[463]智见清净释/[520] 修习现观.md	matched
f29a2975-d2f1-4f40-b468-5d7cf69a5f7b	2	0	[522]a	[522]a ပညာဘာ၀နာ၏ အကျိုးဂုဏ်အင် အာနိသင်	vol_5/chinese/[463]智见清净释/[522]a 慧修习的利益功德.md	matched
213a503b-30ac-4601-923e-2337197eca78	2	0	[522]b	[522]b ဖလသမာပတ္တိကထာ	vol_5/chinese/[463]智见清净释/[522]b 果定论.md	matched
d9117083-0500-45a6-bbe6-cecd74897774	2	0	[528]	[528] အသိစိတ် မချုပ်ပါ	vol_5/chinese/[463]智见清净释/[528] 了知心不灭.md	matched
cfd8a6af-60bb-4ba3-93c3-2835d0b5e358	2	0	[531]	[531] အရှည်တည်တံ့ရန် အကြောင်း သုံးမျိုး	vol_5/chinese/[463]智见清净释/[531] 使之长久维持的三种原因.md	matched
fa4a7882-63a0-4e9c-a712-ffb709975d66	2	0	[532]	[532] ဖလသမာပတ်မှ ထနိုင်ခြင်း၏ အကြောင်း နှ	vol_5/chinese/[463]智见清净释/[532] 能从果定出起的原因两种.md	matched
e72c458f-9086-48cb-94ba-37d279fc0f7a	2	0	[535]	[535] ဝိပဿနာ သုံးမျိုး	vol_5/chinese/[463]智见清净释/[535] 三种观.md	matched
8271782f-bacf-438e-8366-52763ccc01d7	2	0	[536]	[536] ဘုရားရှင်၏ တိုက်တွန်းချက် ဥယျောဇဉ်	vol_5/chinese/[463]智见清净释/[536] 佛陀的敦促劝勉.md	matched
2bb2dc27-e782-448b-85e8-07cc7ffd58ab	2	0	[537]	[537]အာနာပါနဿတိ၏ အကျိုးဂုဏ်အင်အာနိသင်	vol_5/chinese/[463]智见清净释/[537]入出息念的利益功德.md	matched
