# source	target_reldir	key	page	english_ref	subset
vol_4/markdown/[00A]လက္ခဏ - ရသ - ပစ္စုပဋ္ဌာန် - ပဒဋ္ဌာန်တို့ကို ရှုသင့်ပုံ/[000A]နိဒါနကထာ.md	[00A]特相 - 作用 - 现起 - 足处 应如何观察	[000A]	0	vol_4/English-First-Edition-markdown/vol 4, Introduction A-I.md	glossary/subsets/vol 4, Introduction A-I.tsv
vol_4/markdown/[00A]လက္ခဏ - ရသ - ပစ္စုပဋ္ဌာန် - ပဒဋ္ဌာန်တို့ကို ရှုသင့်ပုံ/[000A]လက္ခဏာဒိစတုက္ကပိုင်း.md	[00A]特相 - 作用 - 现起 - 足处 应如何观察	[000A]	0	vol_4/English-First-Edition-markdown/vol 4, Introduction A-I.md	glossary/subsets/vol 4, Introduction A-I.tsv
vol_4/markdown/[00A]လက္ခဏ - ရသ - ပစ္စုပဋ္ဌာန် - ပဒဋ္ဌာန်တို့ကို ရှုသင့်ပုံ/[001a]လက္ခဏ - ရသ - ပစ္စုပဋ္ဌာန် - ပဒဋ္ဌာန်တို့ကို ရှုသင့်ပုံ.md	[00A]特相 - 作用 - 现起 - 足处 应如何观察	[001a]	1	vol_4/English-First-Edition-markdown/vol 4, Page 1-33.md	glossary/subsets/vol 4, Page 1-33.tsv
vol_4/markdown/[00A]လက္ခဏ - ရသ - ပစ္စုပဋ္ဌာန် - ပဒဋ္ဌာန်တို့ကို ရှုသင့်ပုံ/[001b]ဓမ္မာနုပဿနာ သတိပဋ္ဌာန်ကျင့်စဉ်.md	[00A]特相 - 作用 - 现起 - 足处 应如何观察	[001b]	1	vol_4/English-First-Edition-markdown/vol 4, Page 1-33.md	glossary/subsets/vol 4, Page 1-33.tsv
vol_4/markdown/[00A]လက္ခဏ - ရသ - ပစ္စုပဋ္ဌာန် - ပဒဋ္ဌာန်တို့ကို ရှုသင့်ပုံ/[004]မနှိုင်းယှဉ်သင့်ပါ.md	[00A]特相 - 作用 - 现起 - 足处 应如何观察	[004]	4	vol_4/English-First-Edition-markdown/vol 4, Page 1-33.md	glossary/subsets/vol 4, Page 1-33.tsv
vol_4/markdown/[00A]လက္ခဏ - ရသ - ပစ္စုပဋ္ဌာန် - ပဒဋ္ဌာန်တို့ကို ရှုသင့်ပုံ/[008]လက္ခဏ - ရသ - ပစ္စုပဋ္ဌာန် - ပဒဋ္ဌာန် အဓိပ္ပါယ.md	[00A]特相 - 作用 - 现起 - 足处 应如何观察	[008]	8	vol_4/English-First-Edition-markdown/vol 4, Page 1-33.md	glossary/subsets/vol 4, Page 1-33.tsv
vol_4/markdown/[00A]လက္ခဏ - ရသ - ပစ္စုပဋ္ဌာန် - ပဒဋ္ဌာန်တို့ကို ရှုသင့်ပုံ/[010a]ကြိုတင်သိမှတ်ရန်.md	[00A]特相 - 作用 - 现起 - 足处 应如何观察	[010a]	10	vol_4/English-First-Edition-markdown/vol 4, Page 1-33.md	glossary/subsets/vol 4, Page 1-33.tsv
vol_4/markdown/[010]ရုပ် (၂၈) ပါး = ရူပက္ခန္ဓကထာ အခန်း/[010a1]ရုပ် (၂၈) ပါး = ရူပက္ခန္ဓကထာ အခန်း.md	[010]色（28）法 = 色蕴论章	[010a1]	10	vol_4/English-First-Edition-markdown/vol 4, Page 1-33.md	glossary/subsets/vol 4, Page 1-33.tsv
vol_4/markdown/[010]ရုပ် (၂၈) ပါး = ရူပက္ခန္ဓကထာ အခန်း/[010b]၁။ ပထဝီဓာတ်.md	[010]色（28）法 = 色蕴论章	[010b]	10	vol_4/English-First-Edition-markdown/vol 4, Page 1-33.md	glossary/subsets/vol 4, Page 1-33.tsv
vol_4/markdown/[010]ရုပ် (၂၈) ပါး = ရူပက္ခန္ဓကထာ အခန်း/[011]ရှုပုံနည်းစနစ်.md	[010]色（28）法 = 色蕴论章	[011]	11	vol_4/English-First-Edition-markdown/vol 4, Page 1-33.md	glossary/subsets/vol 4, Page 1-33.tsv
vol_4/markdown/[010]ရုပ် (၂၈) ပါး = ရူပက္ခန္ဓကထာ အခန်း/[013]၂။ အာပေါဓာတ်.md	[010]色（28）法 = 色蕴论章	[013]	13	vol_4/English-First-Edition-markdown/vol 4, Page 1-33.md	glossary/subsets/vol 4, Page 1-33.tsv
vol_4/markdown/[010]ရုပ် (၂၈) ပါး = ရူပက္ခန္ဓကထာ အခန်း/[016]၃။ တေဇောဓာတ်.md	[010]色（28）法 = 色蕴论章	[016]	16	vol_4/English-First-Edition-markdown/vol 4, Page 1-33.md	glossary/subsets/vol 4, Page 1-33.tsv
vol_4/markdown/[010]ရုပ် (၂၈) ပါး = ရူပက္ခန္ဓကထာ အခန်း/[020]၄။ ဝါယောဓာတ်.md	[010]色（28）法 = 色蕴论章	[020]	20	vol_4/English-First-Edition-markdown/vol 4, Page 1-33.md	glossary/subsets/vol 4, Page 1-33.tsv
vol_4/markdown/[010]ရုပ် (၂၈) ပါး = ရူပက္ခန္ဓကထာ အခန်း/[024].md	[010]色（28）法 = 色蕴论章	[024]	24	vol_4/English-First-Edition-markdown/vol 4, Page 1-33.md	glossary/subsets/vol 4, Page 1-33.tsv
vol_4/markdown/[010]ရုပ် (၂၈) ပါး = ရူပက္ခန္ဓကထာ အခန်း/[025].md	[010]色（28）法 = 色蕴论章	[025]	25	vol_4/English-First-Edition-markdown/vol 4, Page 1-33.md	glossary/subsets/vol 4, Page 1-33.tsv
vol_4/markdown/[010]ရုပ် (၂၈) ပါး = ရူပက္ခန္ဓကထာ အခန်း/[029] စက္ခုဝိညာဏ်သည် မည်သည့်စက္ခုအကြည်ဓာတ်ကို မှီ၍ .md	[010]色（28）法 = 色蕴论章	[029]	29	vol_4/English-First-Edition-markdown/vol 4, Page 1-33.md	glossary/subsets/vol 4, Page 1-33.tsv
vol_4/markdown/[010]ရုပ် (၂၈) ပါး = ရူပက္ခန္ဓကထာ အခန်း/[031]လက်တွေ့စမ်းသပ်ကြည့်သင့်သည်.md	[010]色（28）法 = 色蕴论章	[031]	31	vol_4/English-First-Edition-markdown/vol 4, Page 1-33.md	glossary/subsets/vol 4, Page 1-33.tsv
vol_4/markdown/[010]ရုပ် (၂၈) ပါး = ရူပက္ခန္ဓကထာ အခန်း/[033] ၆။ သောတပသာဒ.md	[010]色（28）法 = 色蕴论章	[033]	33	vol_4/English-First-Edition-markdown/vol 4, Page 1-33.md	glossary/subsets/vol 4, Page 1-33.tsv
vol_4/markdown/[010]ရုပ် (၂၈) ပါး = ရူပက္ခန္ဓကထာ အခန်း/[034].md	[010]色（28）法 = 色蕴论章	[034]	34	vol_4/English-First-Edition-markdown/vol 4, Page 33-141.md	glossary/subsets/vol 4, Page 33-141.tsv
vol_4/markdown/[010]ရုပ် (၂၈) ပါး = ရူပက္ခန္ဓကထာ အခန်း/[035].md	[010]色（28）法 = 色蕴论章	[035]	35	vol_4/English-First-Edition-markdown/vol 4, Page 33-141.md	glossary/subsets/vol 4, Page 33-141.tsv
vol_4/markdown/[010]ရုပ် (၂၈) ပါး = ရူပက္ခန္ဓကထာ အခန်း/[035]ကာယပသာဒ.md	[010]色（28）法 = 色蕴论章	[035]	35	vol_4/English-First-Edition-markdown/vol 4, Page 33-141.md	glossary/subsets/vol 4, Page 33-141.tsv
vol_4/markdown/[010]ရုပ် (၂၈) ပါး = ရူပက္ခန္ဓကထာ အခန်း/[036].md	[010]色（28）法 = 色蕴论章	[036]	36	vol_4/English-First-Edition-markdown/vol 4, Page 33-141.md	glossary/subsets/vol 4, Page 33-141.tsv
vol_4/markdown/[010]ရုပ် (၂၈) ပါး = ရူပက္ခန္ဓကထာ အခန်း/[037].md	[010]色（28）法 = 色蕴论章	[037]	37	vol_4/English-First-Edition-markdown/vol 4, Page 33-141.md	glossary/subsets/vol 4, Page 33-141.tsv
vol_4/markdown/[010]ရုပ် (၂၈) ပါး = ရူပက္ခန္ဓကထာ အခန်း/[037]ဝိသယနှင့် ဂေါစရ.md	[010]色（28）法 = 色蕴论章	[037]	37	vol_4/English-First-Edition-markdown/vol 4, Page 33-141.md	glossary/subsets/vol 4, Page 33-141.tsv
vol_4/markdown/[010]ရုပ် (၂၈) ပါး = ရူပက္ခန္ဓကထာ အခန်း/[038].md	[010]色（28）法 = 色蕴论章	[038]	38	vol_4/English-First-Edition-markdown/vol 4, Page 33-141.md	glossary/subsets/vol 4, Page 33-141.tsv
vol_4/markdown/[010]ရုပ် (၂၈) ပါး = ရူပက္ခန္ဓကထာ အခန်း/[039].md	[010]色（28）法 = 色蕴论章	[039]	39	vol_4/English-First-Edition-markdown/vol 4, Page 33-141.md	glossary/subsets/vol 4, Page 33-141.tsv
vol_4/markdown/[010]ရုပ် (၂၈) ပါး = ရူပက္ခန္ဓကထာ အခန်း/[040].md	[010]色（28）法 = 色蕴论章	[040]	40	vol_4/English-First-Edition-markdown/vol 4, Page 33-141.md	glossary/subsets/vol 4, Page 33-141.tsv
vol_4/markdown/[010]ရုပ် (၂၈) ပါး = ရူပက္ခန္ဓကထာ အခန်း/[041a].md	[010]色（28）法 = 色蕴论章	[041a]	41	vol_4/English-First-Edition-markdown/vol 4, Page 33-141.md	glossary/subsets/vol 4, Page 33-141.tsv
vol_4/markdown/[010]ရုပ် (၂၈) ပါး = ရူပက္ခန္ဓကထာ အခန်း/[041b].md	[010]色（28）法 = 色蕴论章	[041b]	41	vol_4/English-First-Edition-markdown/vol 4, Page 33-141.md	glossary/subsets/vol 4, Page 33-141.tsv
vol_4/markdown/[010]ရုပ် (၂၈) ပါး = ရူပက္ခန္ဓကထာ အခန်း/[042].md	[010]色（28）法 = 色蕴论章	[042]	42	vol_4/English-First-Edition-markdown/vol 4, Page 33-141.md	glossary/subsets/vol 4, Page 33-141.tsv
vol_4/markdown/[010]ရုပ် (၂၈) ပါး = ရူပက္ခန္ဓကထာ အခန်း/[046].md	[010]色（28）法 = 色蕴论章	[046]	46	vol_4/English-First-Edition-markdown/vol 4, Page 33-141.md	glossary/subsets/vol 4, Page 33-141.tsv
vol_4/markdown/[010]ရုပ် (၂၈) ပါး = ရူပက္ခန္ဓကထာ အခန်း/[047a].md	[010]色（28）法 = 色蕴论章	[047a]	47	vol_4/English-First-Edition-markdown/vol 4, Page 33-141.md	glossary/subsets/vol 4, Page 33-141.tsv
vol_4/markdown/[010]ရုပ် (၂၈) ပါး = ရူပက္ခန္ဓကထာ အခန်း/[047b].md	[010]色（28）法 = 色蕴论章	[047b]	47	vol_4/English-First-Edition-markdown/vol 4, Page 33-141.md	glossary/subsets/vol 4, Page 33-141.tsv
vol_4/markdown/[010]ရုပ် (၂၈) ပါး = ရူပက္ခန္ဓကထာ အခန်း/[048].md	[010]色（28）法 = 色蕴论章	[048]	48	vol_4/English-First-Edition-markdown/vol 4, Page 33-141.md	glossary/subsets/vol 4, Page 33-141.tsv
vol_4/markdown/[010]ရုပ် (၂၈) ပါး = ရူပက္ခန္ဓကထာ အခန်း/[048b].md	[010]色（28）法 = 色蕴论章	[048b]	48	vol_4/English-First-Edition-markdown/vol 4, Page 33-141.md	glossary/subsets/vol 4, Page 33-141.tsv
vol_4/markdown/[010]ရုပ် (၂၈) ပါး = ရူပက္ခန္ဓကထာ အခန်း/[049].md	[010]色（28）法 = 色蕴论章	[049]	49	vol_4/English-First-Edition-markdown/vol 4, Page 33-141.md	glossary/subsets/vol 4, Page 33-141.tsv
vol_4/markdown/[010]ရုပ် (၂၈) ပါး = ရူပက္ခန္ဓကထာ အခန်း/[050].md	[010]色（28）法 = 色蕴论章	[050]	50	vol_4/English-First-Edition-markdown/vol 4, Page 33-141.md	glossary/subsets/vol 4, Page 33-141.tsv
vol_4/markdown/[010]ရုပ် (၂၈) ပါး = ရူပက္ခန္ဓကထာ အခန်း/[050b].md	[010]色（28）法 = 色蕴论章	[050b]	50	vol_4/English-First-Edition-markdown/vol 4, Page 33-141.md	glossary/subsets/vol 4, Page 33-141.tsv
vol_4/markdown/[010]ရုပ် (၂၈) ပါး = ရူပက္ခန္ဓကထာ အခန်း/[050c].md	[010]色（28）法 = 色蕴论章	[050c]	50	vol_4/English-First-Edition-markdown/vol 4, Page 33-141.md	glossary/subsets/vol 4, Page 33-141.tsv
vol_4/markdown/[010]ရုပ် (၂၈) ပါး = ရူပက္ခန္ဓကထာ အခန်း/[051].md	[010]色（28）法 = 色蕴论章	[051]	51	vol_4/English-First-Edition-markdown/vol 4, Page 33-141.md	glossary/subsets/vol 4, Page 33-141.tsv
vol_4/markdown/[010]ရုပ် (၂၈) ပါး = ရူပက္ခန္ဓကထာ အခန်း/[051b].md	[010]色（28）法 = 色蕴论章	[051b]	51	vol_4/English-First-Edition-markdown/vol 4, Page 33-141.md	glossary/subsets/vol 4, Page 33-141.tsv
vol_4/markdown/[010]ရုပ် (၂၈) ပါး = ရူပက္ခန္ဓကထာ အခန်း/[058]၁၄။ ဣတ္ထိန္ဒြေ = ဣတ္ထိဘာ၀ရုပ်.md	[010]色（28）法 = 色蕴论章	[058]	58	vol_4/English-First-Edition-markdown/vol 4, Page 33-141.md	glossary/subsets/vol 4, Page 33-141.tsv
vol_4/markdown/[010]ရုပ် (၂၈) ပါး = ရူပက္ခန္ဓကထာ အခန်း/[060]ဣန္ဒြိယပစ္စည်း မထိုက်ခြင်း.md	[010]色（28）法 = 色蕴论章	[060]	60	vol_4/English-First-Edition-markdown/vol 4, Page 33-141.md	glossary/subsets/vol 4, Page 33-141.tsv
vol_4/markdown/[010]ရုပ် (၂၈) ပါး = ရူပက္ခန္ဓကထာ အခန်း/[061]စက္ခုဝိညေယျ - မနောဝိညေယျ.md	[010]色（28）法 = 色蕴论章	[061]	61	vol_4/English-First-Edition-markdown/vol 4, Page 33-141.md	glossary/subsets/vol 4, Page 33-141.tsv
vol_4/markdown/[010]ရုပ် (၂၈) ပါး = ရူပက္ခန္ဓကထာ အခန်း/[061b] ၁၅။ ပုရိသဘာ၀ရုပ်.md	[010]色（28）法 = 色蕴论章	[061b]	61	vol_4/English-First-Edition-markdown/vol 4, Page 33-141.md	glossary/subsets/vol 4, Page 33-141.tsv
vol_4/markdown/[010]ရုပ် (၂၈) ပါး = ရူပက္ခန္ဓကထာ အခန်း/[063]ဗဟုသုတရေးရာ အဖြာဖြာ.md	[010]色（28）法 = 色蕴论章	[063]	63	vol_4/English-First-Edition-markdown/vol 4, Page 33-141.md	glossary/subsets/vol 4, Page 33-141.tsv
vol_4/markdown/[010]ရုပ် (၂၈) ပါး = ရူပက္ခန္ဓကထာ အခန်း/[064]လိင်ပြောင်းသွားသော်.md	[010]色（28）法 = 色蕴论章	[064]	64	vol_4/English-First-Edition-markdown/vol 4, Page 33-141.md	glossary/subsets/vol 4, Page 33-141.tsv
vol_4/markdown/[010]ရုပ် (၂၈) ပါး = ရူပက္ခန္ဓကထာ အခန်း/[064b]ဥဘတောဗျည်း.md	[010]色（28）法 = 色蕴论章	[064b]	64	vol_4/English-First-Edition-markdown/vol 4, Page 33-141.md	glossary/subsets/vol 4, Page 33-141.tsv
vol_4/markdown/[010]ရုပ် (၂၈) ပါး = ရူပက္ခန္ဓကထာ အခန်း/[065] န ပန တိဋ္ဌတိ = အခါခပ်သိမ်း မတည်ဟူသည်.md	[010]色（28）法 = 色蕴论章	[065]	65	vol_4/English-First-Edition-markdown/vol 4, Page 33-141.md	glossary/subsets/vol 4, Page 33-141.tsv
vol_4/markdown/[010]ရုပ် (၂၈) ပါး = ရူပက္ခန္ဓကထာ အခန်း/[066]ဣန္ဒြေတစ်မျိုးသာ ရှိနိုင်ပုံ.md	[010]色（28）法 = 色蕴论章	[066]	66	vol_4/English-First-Edition-markdown/vol 4, Page 33-141.md	glossary/subsets/vol 4, Page 33-141.tsv
vol_4/markdown/[010]ရုပ် (၂၈) ပါး = ရူပက္ခန္ဓကထာ အခန်း/[066b]ဆရာဝန်ကြီးများ၏ စွမ်းအင်.md	[010]色（28）法 = 色蕴论章	[066b]	66	vol_4/English-First-Edition-markdown/vol 4, Page 33-141.md	glossary/subsets/vol 4, Page 33-141.tsv
vol_4/markdown/[010]ရုပ် (၂၈) ပါး = ရူပက္ခန္ဓကထာ အခန်း/[067] ၁၆။ ရုပ်ဇီဝိတ.md	[010]色（28）法 = 色蕴论章	[067]	67	vol_4/English-First-Edition-markdown/vol 4, Page 33-141.md	glossary/subsets/vol 4, Page 33-141.tsv
vol_4/markdown/[010]ရုပ် (၂၈) ပါး = ရူပက္ခန္ဓကထာ အခန်း/[068]အနိစ္စ - ဒုက္ခ - အနတ္တ သဘော.md	[010]色（28）法 = 色蕴论章	[068]	68	vol_4/English-First-Edition-markdown/vol 4, Page 33-141.md	glossary/subsets/vol 4, Page 33-141.tsv
vol_4/markdown/[010]ရုပ် (၂၈) ပါး = ရူပက္ခန္ဓကထာ အခန်း/[070] ၁၇။ ဟဒယဝတ္ထု.md	[010]色（28）法 = 色蕴论章	[070]	70	vol_4/English-First-Edition-markdown/vol 4, Page 33-141.md	glossary/subsets/vol 4, Page 33-141.tsv
vol_4/markdown/[010]ရုပ် (၂၈) ပါး = ရူပက္ခန္ဓကထာ အခန်း/[071]နှလုံးသား နှင့် နှလုံးသွေး.md	[010]色（28）法 = 色蕴论章	[071]	71	vol_4/English-First-Edition-markdown/vol 4, Page 33-141.md	glossary/subsets/vol 4, Page 33-141.tsv
vol_4/markdown/[010]ရုပ် (၂၈) ပါး = ရူပက္ခန္ဓကထာ အခန်း/[071b].md	[010]色（28）法 = 色蕴论章	[071b]	71	vol_4/English-First-Edition-markdown/vol 4, Page 33-141.md	glossary/subsets/vol 4, Page 33-141.tsv
vol_4/markdown/[010]ရုပ် (၂၈) ပါး = ရူပက္ခန္ဓကထာ အခန်း/[072] ဓမ္မသင်္ဂဏီပါဠိတော်၌ မဟောခြင်း၏ အကြောင်း.md	[010]色（28）法 = 色蕴论章	[072]	72	vol_4/English-First-Edition-markdown/vol 4, Page 33-141.md	glossary/subsets/vol 4, Page 33-141.tsv
vol_4/markdown/[010]ရုပ် (၂၈) ပါး = ရူပက္ခန္ဓကထာ အခန်း/[075] သဘာ၀ယုတ္တိဖြင့် နှိုင်းချိန်ကြည့်ပါ.md	[010]色（28）法 = 色蕴论章	[075]	75	vol_4/English-First-Edition-markdown/vol 4, Page 33-141.md	glossary/subsets/vol 4, Page 33-141.tsv
vol_4/markdown/[010]ရုပ် (၂၈) ပါး = ရူပက္ခန္ဓကထာ အခန်း/[077]နှလုံးအိမ်ကို အစားထိုး၍ ကုသမှု.md	[010]色（28）法 = 色蕴论章	[077]	77	vol_4/English-First-Edition-markdown/vol 4, Page 33-141.md	glossary/subsets/vol 4, Page 33-141.tsv
vol_4/markdown/[010]ရုပ် (၂၈) ပါး = ရူပက္ခန္ဓကထာ အခန်း/[078].md	[010]色（28）法 = 色蕴论章	[078]	78	vol_4/English-First-Edition-markdown/vol 4, Page 33-141.md	glossary/subsets/vol 4, Page 33-141.tsv
vol_4/markdown/[010]ရုပ် (၂၈) ပါး = ရူပက္ခန္ဓကထာ အခန်း/[079] သွေးဟူသည် လေဟူသည်.md	[010]色（28）法 = 色蕴论章	[079]	79	vol_4/English-First-Edition-markdown/vol 4, Page 33-141.md	glossary/subsets/vol 4, Page 33-141.tsv
vol_4/markdown/[010]ရုပ် (၂၈) ပါး = ရူပက္ခန္ဓကထာ အခန်း/[084] အယူအဆတစ်မျိုး.md	[010]色（28）法 = 色蕴论章	[084]	84	vol_4/English-First-Edition-markdown/vol 4, Page 33-141.md	glossary/subsets/vol 4, Page 33-141.tsv
vol_4/markdown/[010]ရုပ် (၂၈) ပါး = ရူပက္ခန္ဓကထာ အခန်း/[085]စေတီနှင့် စေတီအိမ်.md	[010]色（28）法 = 色蕴论章	[085]	85	vol_4/English-First-Edition-markdown/vol 4, Page 33-141.md	glossary/subsets/vol 4, Page 33-141.tsv
vol_4/markdown/[010]ရုပ် (၂၈) ပါး = ရူပက္ခန္ဓကထာ အခန်း/[086]ကဗဠီကာရ အာဟာရ.md	[010]色（28）法 = 色蕴论章	[086]	86	vol_4/English-First-Edition-markdown/vol 4, Page 33-141.md	glossary/subsets/vol 4, Page 33-141.tsv
vol_4/markdown/[010]ရုပ် (၂၈) ပါး = ရူပက္ခန္ဓကထာ အခန်း/[086]၁၈။ ကဗဠီကာရ အာဟာရ.md	[010]色（28）法 = 色蕴论章	[086]	86	vol_4/English-First-Edition-markdown/vol 4, Page 33-141.md	glossary/subsets/vol 4, Page 33-141.tsv
vol_4/markdown/[010]ရုပ် (၂၈) ပါး = ရူပက္ခန္ဓကထာ အခန်း/[090]ဝတ္ထုနှင့် ဩဇာ.md	[010]色（28）法 = 色蕴论章	[090]	90	vol_4/English-First-Edition-markdown/vol 4, Page 33-141.md	glossary/subsets/vol 4, Page 33-141.tsv
vol_4/markdown/[010]ရုပ် (၂၈) ပါး = ရူပက္ခန္ဓကထာ အခန်း/[091]တစ်နည်း ဖွင့်ဆိုပုံ.md	[010]色（28）法 = 色蕴论章	[091]	91	vol_4/English-First-Edition-markdown/vol 4, Page 33-141.md	glossary/subsets/vol 4, Page 33-141.tsv
vol_4/markdown/[010]ရုပ် (၂၈) ပါး = ရူပက္ခန္ဓကထာ အခန်း/[093] ဖလူပစာရစကား.md	[010]色（28）法 = 色蕴论章	[093]	93	vol_4/English-First-Edition-markdown/vol 4, Page 33-141.md	glossary/subsets/vol 4, Page 33-141.tsv
vol_4/markdown/[010]ရုပ် (၂၈) ပါး = ရူပက္ခန္ဓကထာ အခန်း/[094] အာကာသဓာတ်.md	[010]色（28）法 = 色蕴论章	[094]	94	vol_4/English-First-Edition-markdown/vol 4, Page 33-141.md	glossary/subsets/vol 4, Page 33-141.tsv
vol_4/markdown/[010]ရုပ် (၂၈) ပါး = ရူပက္ခန္ဓကထာ အခန်း/[094] ၁၉။ အာကာသဓာတ်.md	[010]色（28）法 = 色蕴论章	[094]	94	vol_4/English-First-Edition-markdown/vol 4, Page 33-141.md	glossary/subsets/vol 4, Page 33-141.tsv
vol_4/markdown/[010]ရုပ် (၂၈) ပါး = ရူပက္ခန္ဓကထာ အခန်း/[099] ၂၀။ ကာယဝိညတ်.md	[010]色（28）法 = 色蕴论章	[099]	99	vol_4/English-First-Edition-markdown/vol 4, Page 33-141.md	glossary/subsets/vol 4, Page 33-141.tsv
vol_4/markdown/[010]ရုပ် (၂၈) ပါး = ရူပက္ခန္ဓကထာ အခန်း/[102]စက္ခုဝိညေယျ မနောဝိညေယျ.md	[010]色（28）法 = 色蕴论章	[102]	102	vol_4/English-First-Edition-markdown/vol 4, Page 33-141.md	glossary/subsets/vol 4, Page 33-141.tsv
vol_4/markdown/[010]ရုပ် (၂၈) ပါး = ရူပက္ခန္ဓကထာ အခန်း/[103].md	[010]色（28）法 = 色蕴论章	[103]	103	vol_4/English-First-Edition-markdown/vol 4, Page 33-141.md	glossary/subsets/vol 4, Page 33-141.tsv
vol_4/markdown/[010]ရုပ် (၂၈) ပါး = ရူပက္ခန္ဓကထာ အခန်း/[103b].md	[010]色（28）法 = 色蕴论章	[103b]	103	vol_4/English-First-Edition-markdown/vol 4, Page 33-141.md	glossary/subsets/vol 4, Page 33-141.tsv
vol_4/markdown/[010]ရုပ် (၂၈) ပါး = ရူပက္ခန္ဓကထာ အခန်း/[105] ၂၁။  ၀စီဝိညတ်.md	[010]色（28）法 = 色蕴论章	[105]	105	vol_4/English-First-Edition-markdown/vol 4, Page 33-141.md	glossary/subsets/vol 4, Page 33-141.tsv
vol_4/markdown/[010]ရုပ် (၂၈) ပါး = ရူပက္ခန္ဓကထာ အခန်း/[107]၀စီဘေဒ ဟူသည်.md	[010]色（28）法 = 色蕴论章	[107]	107	vol_4/English-First-Edition-markdown/vol 4, Page 33-141.md	glossary/subsets/vol 4, Page 33-141.tsv
vol_4/markdown/[010]ရုပ် (၂၈) ပါး = ရူပက္ခန္ဓကထာ အခန်း/[107b].md	[010]色（28）法 = 色蕴论章	[107b]	107	vol_4/English-First-Edition-markdown/vol 4, Page 33-141.md	glossary/subsets/vol 4, Page 33-141.tsv
vol_4/markdown/[010]ရုပ် (၂၈) ပါး = ရူပက္ခန္ဓကထာ အခန်း/[110]မည်သည့် စိတ်နည်း.md	[010]色（28）法 = 色蕴论章	[110]	110	vol_4/English-First-Edition-markdown/vol 4, Page 33-141.md	glossary/subsets/vol 4, Page 33-141.tsv
vol_4/markdown/[010]ရုပ် (၂၈) ပါး = ရူပက္ခန္ဓကထာ အခန်း/[110b]ထောက်ပံ့ဖွယ်ကိစ္စ မရှိပုံ.md	[010]色（28）法 = 色蕴论章	[110b]	110	vol_4/English-First-Edition-markdown/vol 4, Page 33-141.md	glossary/subsets/vol 4, Page 33-141.tsv
vol_4/markdown/[010]ရုပ် (၂၈) ပါး = ရူပက္ခန္ဓကထာ အခန်း/[111]စူးစမ်းဆင်ခြင်၍ ယူပါ.md	[010]色（28）法 = 色蕴论章	[111]	111	vol_4/English-First-Edition-markdown/vol 4, Page 33-141.md	glossary/subsets/vol 4, Page 33-141.tsv
vol_4/markdown/[010]ရုပ် (၂၈) ပါး = ရူပက္ခန္ဓကထာ အခန်း/[111b]တောင်မြို့ဆရာတော်ဘုရားကြီး၏ အဆို.md	[010]色（28）法 = 色蕴论章	[111b]	111	vol_4/English-First-Edition-markdown/vol 4, Page 33-141.md	glossary/subsets/vol 4, Page 33-141.tsv
vol_4/markdown/[010]ရုပ် (၂၈) ပါး = ရူပက္ခန္ဓကထာ အခန်း/[112]ပြည်ဆရာတော်ဘုရားကြီး၏ မှတ်ချက်.md	[010]色（28）法 = 色蕴论章	[112]	112	vol_4/English-First-Edition-markdown/vol 4, Page 33-141.md	glossary/subsets/vol 4, Page 33-141.tsv
vol_4/markdown/[010]ရုပ် (၂၈) ပါး = ရူပက္ခန္ဓကထာ အခန်း/[114]တိုက်တွန်းပါရစေ.md	[010]色（28）法 = 色蕴论章	[114]	114	vol_4/English-First-Edition-markdown/vol 4, Page 33-141.md	glossary/subsets/vol 4, Page 33-141.tsv
vol_4/markdown/[010]ရုပ် (၂၈) ပါး = ရူပက္ခန္ဓကထာ အခန်း/[115]ဥပါဒါရုပ် မည်နိုင်ပါသလား.md	[010]色（28）法 = 色蕴论章	[115]	115	vol_4/English-First-Edition-markdown/vol 4, Page 33-141.md	glossary/subsets/vol 4, Page 33-141.tsv
vol_4/markdown/[010]ရုပ် (၂၈) ပါး = ရူပက္ခန္ဓကထာ အခန်း/[116]ရူပဿ လဟုတာ.md	[010]色（28）法 = 色蕴论章	[116]	116	vol_4/English-First-Edition-markdown/vol 4, Page 33-141.md	glossary/subsets/vol 4, Page 33-141.tsv
vol_4/markdown/[010]ရုပ် (၂၈) ပါး = ရူပက္ခန္ဓကထာ အခန်း/[116b]၂၃။ ရူပဿ မုဒုတာ.md	[010]色（28）法 = 色蕴论章	[116b]	116	vol_4/English-First-Edition-markdown/vol 4, Page 33-141.md	glossary/subsets/vol 4, Page 33-141.tsv
vol_4/markdown/[010]ရုပ် (၂၈) ပါး = ရူပက္ခန္ဓကထာ အခန်း/[116c]၂၄။ ရူပဿ ကမ္မညတာ.md	[010]色（28）法 = 色蕴论章	[116c]	116	vol_4/English-First-Edition-markdown/vol 4, Page 33-141.md	glossary/subsets/vol 4, Page 33-141.tsv
vol_4/markdown/[010]ရုပ် (၂၈) ပါး = ရူပက္ခန္ဓကထာ အခန်း/[119a]သက်မဲ့လောကနှင့် ကမ္မဇရုပ်လောက.md	[010]色（28）法 = 色蕴论章	[119a]	119	vol_4/English-First-Edition-markdown/vol 4, Page 33-141.md	glossary/subsets/vol 4, Page 33-141.tsv
vol_4/markdown/[010]ရုပ် (၂၈) ပါး = ရူပက္ခန္ဓကထာ အခန်း/[119b]၂၅။ ရူပဿ ဥပစယ.md	[010]色（28）法 = 色蕴论章	[119b]	119	vol_4/English-First-Edition-markdown/vol 4, Page 33-141.md	glossary/subsets/vol 4, Page 33-141.tsv
vol_4/markdown/[010]ရုပ် (၂၈) ပါး = ရူပက္ခန္ဓကထာ အခန်း/[120]၂၆။ ရူပဿ သန္တတိ.md	[010]色（28）法 = 色蕴论章	[120]	120	vol_4/English-First-Edition-markdown/vol 4, Page 33-141.md	glossary/subsets/vol 4, Page 33-141.tsv
vol_4/markdown/[010]ရုပ် (၂၈) ပါး = ရူပက္ခန္ဓကထာ အခန်း/[120b] အာစယ - ဥပစယ - သန္တတိ.md	[010]色（28）法 = 色蕴论章	[120b]	120	vol_4/English-First-Edition-markdown/vol 4, Page 33-141.md	glossary/subsets/vol 4, Page 33-141.tsv
vol_4/markdown/[010]ရုပ် (၂၈) ပါး = ရူပက္ခန္ဓကထာ အခန်း/[123]ဥပစယ - သန္တတိ.md	[010]色（28）法 = 色蕴论章	[123]	123	vol_4/English-First-Edition-markdown/vol 4, Page 33-141.md	glossary/subsets/vol 4, Page 33-141.tsv
vol_4/markdown/[010]ရုပ် (၂၈) ပါး = ရူပက္ခန္ဓကထာ အခန်း/[124]အဋ္ဌသာလိနီ အဋ္ဌကထာနှင့် ဋီကာအဖွင့်များ.md	[010]色（28）法 = 色蕴论章	[124]	124	vol_4/English-First-Edition-markdown/vol 4, Page 33-141.md	glossary/subsets/vol 4, Page 33-141.tsv
vol_4/markdown/[010]ရုပ် (၂၈) ပါး = ရူပက္ခန္ဓကထာ အခန်း/[126]ပြည်ဆရာတော်ဘုရားကြီး၏ မှတ်ချက်.md	[010]色（28）法 = 色蕴论章	[126]	126	vol_4/English-First-Edition-markdown/vol 4, Page 33-141.md	glossary/subsets/vol 4, Page 33-141.tsv
vol_4/markdown/[010]ရုပ် (၂၈) ပါး = ရူပက္ခန္ဓကထာ အခန်း/[128]၂၇။ ရူပဿ ဇရတာ.md	[010]色（28）法 = 色蕴论章	[128]	128	vol_4/English-First-Edition-markdown/vol 4, Page 33-141.md	glossary/subsets/vol 4, Page 33-141.tsv
vol_4/markdown/[010]ရုပ် (၂၈) ပါး = ရူပက္ခန္ဓကထာ အခန်း/[129]သုတ္တန်နည်း - ဇာတိ - ဇရာ - မရဏ.md	[010]色（28）法 = 色蕴论章	[129]	129	vol_4/English-First-Edition-markdown/vol 4, Page 33-141.md	glossary/subsets/vol 4, Page 33-141.tsv
vol_4/markdown/[010]ရုပ် (၂၈) ပါး = ရူပက္ခန္ဓကထာ အခန်း/[130]အသက်ကြီးသူတို့၌ အိုမှု ထင်ရှားပုံ.md	[010]色（28）法 = 色蕴论章	[130]	130	vol_4/English-First-Edition-markdown/vol 4, Page 33-141.md	glossary/subsets/vol 4, Page 33-141.tsv
vol_4/markdown/[010]ရုပ် (၂၈) ပါး = ရူပက္ခန္ဓကထာ အခန်း/[131]ထပ်မံရှင်းလင်းချက်များ.md	[010]色（28）法 = 色蕴论章	[131]	131	vol_4/English-First-Edition-markdown/vol 4, Page 33-141.md	glossary/subsets/vol 4, Page 33-141.tsv
vol_4/markdown/[010]ရုပ် (၂၈) ပါး = ရူပက္ခန္ဓကထာ အခန်း/[132] လောက ဥပမာ.md	[010]色（28）法 = 色蕴论章	[132]	132	vol_4/English-First-Edition-markdown/vol 4, Page 33-141.md	glossary/subsets/vol 4, Page 33-141.tsv
vol_4/markdown/[010]ရုပ် (၂၈) ပါး = ရူပက္ခန္ဓကထာ အခန်း/[133]၂၈။ ရူပဿ အနိစ္စတာ.md	[010]色（28）法 = 色蕴论章	[133]	133	vol_4/English-First-Edition-markdown/vol 4, Page 33-141.md	glossary/subsets/vol 4, Page 33-141.tsv
vol_4/markdown/[010]ရုပ် (၂၈) ပါး = ရူပက္ခန္ဓကထာ အခန်း/[134]ရှုပုံ နည်းစနစ်.md	[010]色（28）法 = 色蕴论章	[134]	134	vol_4/English-First-Edition-markdown/vol 4, Page 33-141.md	glossary/subsets/vol 4, Page 33-141.tsv
vol_4/markdown/[010]ရုပ် (၂၈) ပါး = ရူပက္ခန္ဓကထာ အခန်း/[135]နှစ်စုအားဖြင့် ရုပ်တို့ကို ခွဲတမ်းချပုံ.md	[010]色（28）法 = 色蕴论章	[135]	135	vol_4/English-First-Edition-markdown/vol 4, Page 33-141.md	glossary/subsets/vol 4, Page 33-141.tsv
vol_4/markdown/[010]ရုပ် (၂၈) ပါး = ရူပက္ခန္ဓကထာ အခန်း/[137]အထူးသတိပြု၍ မှတ်သားပါ.md	[010]色（28）法 = 色蕴论章	[137]	137	vol_4/English-First-Edition-markdown/vol 4, Page 33-141.md	glossary/subsets/vol 4, Page 33-141.tsv
vol_4/markdown/[010]ရုပ် (၂၈) ပါး = ရူပက္ခန္ဓကထာ အခန်း/[138]သုံးစုအားဖြင့် ရုပ်တို့ကို ခွဲတမ်းချပုံ.md	[010]色（28）法 = 色蕴论章	[138]	138	vol_4/English-First-Edition-markdown/vol 4, Page 33-141.md	glossary/subsets/vol 4, Page 33-141.tsv
vol_4/markdown/[010]ရုပ် (၂၈) ပါး = ရူပက္ခန္ဓကထာ အခန်း/[139]လေးစုအားဖြင့် ရုပ်တို့ကို ခွဲတမ်းချပုံ.md	[010]色（28）法 = 色蕴论章	[139]	139	vol_4/English-First-Edition-markdown/vol 4, Page 33-141.md	glossary/subsets/vol 4, Page 33-141.tsv
vol_4/markdown/[010]ရုပ် (၂၈) ပါး = ရူပက္ခန္ဓကထာ အခန်း/[140]ငါးစုအားဖြင့် ရုပ်တို့ကို ခွဲတမ်းချပုံ.md	[010]色（28）法 = 色蕴论章	[140]	140	vol_4/English-First-Edition-markdown/vol 4, Page 33-141.md	glossary/subsets/vol 4, Page 33-141.tsv
vol_4/markdown/[142]ဝိညာဏက္ခန္ဓကထာ အခန်း/[142]ဝိညာဏက္ခန္ဓကထာ အခန်း.md	[142]识蕴论章	[142]	142	vol_4/English-First-Edition-markdown/vol 4, Page 142-208.md	glossary/subsets/vol 4, Page 142-208.tsv
vol_4/markdown/[142]ဝိညာဏက္ခန္ဓကထာ အခန်း/[142b]ဝိဇာနနလက္ခဏ.md	[142]识蕴论章	[142b]	142	vol_4/English-First-Edition-markdown/vol 4, Page 142-208.md	glossary/subsets/vol 4, Page 142-208.tsv
vol_4/markdown/[142]ဝိညာဏက္ခန္ဓကထာ အခန်း/[143]ဝိဂြိုဟ် (၃) မျိုး.md	[142]识蕴论章	[143]	143	vol_4/English-First-Edition-markdown/vol 4, Page 142-208.md	glossary/subsets/vol 4, Page 142-208.tsv
vol_4/markdown/[142]ဝိညာဏက္ခန္ဓကထာ အခန်း/[144]ဝိညာဏ်အပြားနှင့် ကုသိုလ်အပြား.md	[142]识蕴论章	[144]	144	vol_4/English-First-Edition-markdown/vol 4, Page 142-208.md	glossary/subsets/vol 4, Page 142-208.tsv
vol_4/markdown/[142]ဝိညာဏက္ခန္ဓကထာ အခန်း/[145]အကုသိုလ်စိတ် (၁၂) ပါး.md	[142]识蕴论章	[145]	145	vol_4/English-First-Edition-markdown/vol 4, Page 142-208.md	glossary/subsets/vol 4, Page 142-208.tsv
vol_4/markdown/[142]ဝိညာဏက္ခန္ဓကထာ အခန်း/[146] လောဘမူစိတ် (၈) မျိုး ဖြစ်ပေါ်လာပုံ.md	[142]识蕴论章	[146]	146	vol_4/English-First-Edition-markdown/vol 4, Page 142-208.md	glossary/subsets/vol 4, Page 142-208.tsv
vol_4/markdown/[142]ဝိညာဏက္ခန္ဓကထာ အခန်း/[147]ဒေါသမူစိတ် (၂) မျိုး ဖြစ်ပေါ်လာပုံ.md	[142]识蕴论章	[147]	147	vol_4/English-First-Edition-markdown/vol 4, Page 142-208.md	glossary/subsets/vol 4, Page 142-208.tsv
vol_4/markdown/[142]ဝိညာဏက္ခန္ဓကထာ အခန်း/[148]မောဟမူစိတ် (၂) မျိုး ဖြစ်ပေါ်လာပုံ.md	[142]识蕴论章	[148]	148	vol_4/English-First-Edition-markdown/vol 4, Page 142-208.md	glossary/subsets/vol 4, Page 142-208.tsv
vol_4/markdown/[142]ဝိညာဏက္ခန္ဓကထာ အခန်း/[149]ဝိပါက် အဗျာကတ ဝိညာဏ်.md	[142]识蕴论章	[149]	149	vol_4/English-First-Edition-markdown/vol 4, Page 142-208.md	glossary/subsets/vol 4, Page 142-208.tsv
vol_4/markdown/[142]ဝိညာဏက္ခန္ဓကထာ အခန်း/[150]မဟာကုသိုလ်နှင့် မဟာဝိပါက်.md	[142]识蕴论章	[150]	150	vol_4/English-First-Edition-markdown/vol 4, Page 142-208.md	glossary/subsets/vol 4, Page 142-208.tsv
vol_4/markdown/[142]ဝိညာဏက္ခန္ဓကထာ အခန်း/[151]နိရုဿာဟ - သဥဿာဟ.md	[142]识蕴论章	[151]	151	vol_4/English-First-Edition-markdown/vol 4, Page 142-208.md	glossary/subsets/vol 4, Page 142-208.tsv
vol_4/markdown/[142]ဝိညာဏက္ခန္ဓကထာ အခန်း/[152]ကိရိယ အဗျာကတ ဝိညာဏ်.md	[142]识蕴论章	[152]	152	vol_4/English-First-Edition-markdown/vol 4, Page 142-208.md	glossary/subsets/vol 4, Page 142-208.tsv
vol_4/markdown/[142]ဝိညာဏက္ခန္ဓကထာ အခန်း/[153]ဝိညာဏ်တို့၏ လုပ်ငန်းကိစ္စ (၁၄) မျိုး.md	[142]识蕴论章	[153]	153	vol_4/English-First-Edition-markdown/vol 4, Page 142-208.md	glossary/subsets/vol 4, Page 142-208.tsv
vol_4/markdown/[142]ဝိညာဏက္ခန္ဓကထာ အခန်း/[153b]၁။ ပဋိသန္ဓေကိစ္စ.md	[142]识蕴论章	[153b]	153	vol_4/English-First-Edition-markdown/vol 4, Page 142-208.md	glossary/subsets/vol 4, Page 142-208.tsv
vol_4/markdown/[142]ဝိညာဏက္ခန္ဓကထာ အခန်း/[153c]၂။ ဘဝင်ကိစ္စ.md	[142]识蕴论章	[153c]	153	vol_4/English-First-Edition-markdown/vol 4, Page 142-208.md	glossary/subsets/vol 4, Page 142-208.tsv
vol_4/markdown/[142]ဝိညာဏက္ခန္ဓကထာ အခန်း/[154]၃။ အာဝဇ္ဇန်း ကိစ္စ.md	[142]识蕴论章	[154]	154	vol_4/English-First-Edition-markdown/vol 4, Page 142-208.md	glossary/subsets/vol 4, Page 142-208.tsv
vol_4/markdown/[142]ဝိညာဏက္ခန္ဓကထာ အခန်း/[155]၄-၈။ ဒဿန သဝန ဃာယန သာယန ဖုသနကိစ္စ.md	[142]识蕴论章	[155]	155	vol_4/English-First-Edition-markdown/vol 4, Page 142-208.md	glossary/subsets/vol 4, Page 142-208.tsv
vol_4/markdown/[142]ဝိညာဏက္ခန္ဓကထာ အခန်း/[155b]၉။ သမ္ပဋိစ္ဆိုင်းကိစ္စ.md	[142]识蕴论章	[155b]	155	vol_4/English-First-Edition-markdown/vol 4, Page 142-208.md	glossary/subsets/vol 4, Page 142-208.tsv
vol_4/markdown/[142]ဝိညာဏက္ခန္ဓကထာ အခန်း/[156]၁၀။ သန္တီရဏကိစ္စ.md	[142]识蕴论章	[156]	156	vol_4/English-First-Edition-markdown/vol 4, Page 142-208.md	glossary/subsets/vol 4, Page 142-208.tsv
vol_4/markdown/[142]ဝိညာဏက္ခန္ဓကထာ အခန်း/[156b]၁၁။ ဝေါဋ္ဌဗ္ဗနကိစ္စ = ဝုဋ္ဌောကိစ္စ.md	[142]识蕴论章	[156b]	156	vol_4/English-First-Edition-markdown/vol 4, Page 142-208.md	glossary/subsets/vol 4, Page 142-208.tsv
vol_4/markdown/[142]ဝိညာဏက္ခန္ဓကထာ အခန်း/[157]၁၂။ ဇဝနကိစ္စ = ဇောကိစ္စ.md	[142]识蕴论章	[157]	157	vol_4/English-First-Edition-markdown/vol 4, Page 142-208.md	glossary/subsets/vol 4, Page 142-208.tsv
vol_4/markdown/[142]ဝိညာဏက္ခန္ဓကထာ အခန်း/[157b]၁၃။ တဒါရုံကိစ္စ.md	[142]识蕴论章	[157b]	157	vol_4/English-First-Edition-markdown/vol 4, Page 142-208.md	glossary/subsets/vol 4, Page 142-208.tsv
vol_4/markdown/[142]ဝိညာဏက္ခန္ဓကထာ အခန်း/[158]အချို့ ဆရာမြတ်တို့၏ အယူ.md	[142]识蕴论章	[158]	158	vol_4/English-First-Edition-markdown/vol 4, Page 142-208.md	glossary/subsets/vol 4, Page 142-208.tsv
vol_4/markdown/[142]ဝိညာဏက္ခန္ဓကထာ အခန်း/[159]မူလဋီကာဆရာတော်၏ ဝါဒ.md	[142]识蕴论章	[159]	159	vol_4/English-First-Edition-markdown/vol 4, Page 142-208.md	glossary/subsets/vol 4, Page 142-208.tsv
vol_4/markdown/[142]ဝိညာဏက္ခန္ဓကထာ အခန်း/[161]ဆဠင်္ဂုပေက္ခာ.md	[142]识蕴论章	[161]	161	vol_4/English-First-Edition-markdown/vol 4, Page 142-208.md	glossary/subsets/vol 4, Page 142-208.tsv
vol_4/markdown/[142]ဝိညာဏက္ခန္ဓကထာ အခန်း/[161b]၁၄။ စုတိကိစ္စ.md	[142]识蕴论章	[161b]	161	vol_4/English-First-Edition-markdown/vol 4, Page 142-208.md	glossary/subsets/vol 4, Page 142-208.tsv
vol_4/markdown/[142]ဝိညာဏက္ခန္ဓကထာ အခန်း/[162]၁။ ဝိညာဏက္ခန္ဓာ.md	[142]识蕴论章	[162]	162	vol_4/English-First-Edition-markdown/vol 4, Page 142-208.md	glossary/subsets/vol 4, Page 142-208.tsv
vol_4/markdown/[142]ဝိညာဏက္ခန္ဓကထာ အခန်း/[165a]၂။ ပဋိသန္ဓေစိတ်.md	[142]识蕴论章	[165a]	165	vol_4/English-First-Edition-markdown/vol 4, Page 142-208.md	glossary/subsets/vol 4, Page 142-208.tsv
vol_4/markdown/[142]ဝိညာဏက္ခန္ဓကထာ အခန်း/[165b]၃။ ဘဝင်စိတ်.md	[142]识蕴论章	[165b]	165	vol_4/English-First-Edition-markdown/vol 4, Page 142-208.md	glossary/subsets/vol 4, Page 142-208.tsv
vol_4/markdown/[142]ဝိညာဏက္ခန္ဓကထာ အခန်း/[166]၄။ ပဉ္စဒွါရာဝဇ္ဇန်း = ကိရိယာ မနောဓာတ်.md	[142]识蕴论章	[166]	166	vol_4/English-First-Edition-markdown/vol 4, Page 142-208.md	glossary/subsets/vol 4, Page 142-208.tsv
vol_4/markdown/[142]ဝိညာဏက္ခန္ဓကထာ အခန်း/[168a] ပဉ္စဒွါရာဝဇ္ဇန်း - ရူပါရုံကို အာရုံ ပြုသည်။.md	[142]识蕴论章	[168a]	168	vol_4/English-First-Edition-markdown/vol 4, Page 142-208.md	glossary/subsets/vol 4, Page 142-208.tsv
vol_4/markdown/[142]ဝိညာဏက္ခန္ဓကထာ အခန်း/[168b]၅။ စက္ခုဝိညာဏ်.md	[142]识蕴论章	[168b]	168	vol_4/English-First-Edition-markdown/vol 4, Page 142-208.md	glossary/subsets/vol 4, Page 142-208.tsv
vol_4/markdown/[142]ဝိညာဏက္ခန္ဓကထာ အခန်း/[169]စက္ခုဝိညာဏ် အမည်ရခြင်း.md	[142]识蕴论章	[169]	169	vol_4/English-First-Edition-markdown/vol 4, Page 142-208.md	glossary/subsets/vol 4, Page 142-208.tsv
vol_4/markdown/[142]ဝိညာဏက္ခန္ဓကထာ အခန်း/[173]ပဏ္ဍရ = ဖြူစင်ပါသည်.md	[142]识蕴论章	[173]	173	vol_4/English-First-Edition-markdown/vol 4, Page 142-208.md	glossary/subsets/vol 4, Page 142-208.tsv
vol_4/markdown/[142]ဝိညာဏက္ခန္ဓကထာ အခန်း/[174a]၆။ သောတဝိညာဏ်.md	[142]识蕴论章	[174a]	174	vol_4/English-First-Edition-markdown/vol 4, Page 142-208.md	glossary/subsets/vol 4, Page 142-208.tsv
vol_4/markdown/[142]ဝိညာဏက္ခန္ဓကထာ အခန်း/[174b]၇။ ဃာနဝိညာဏ်.md	[142]识蕴论章	[174b]	174	vol_4/English-First-Edition-markdown/vol 4, Page 142-208.md	glossary/subsets/vol 4, Page 142-208.tsv
vol_4/markdown/[142]ဝိညာဏက္ခန္ဓကထာ အခန်း/[175]၈။ ဇိဝှါဝိညာဏ်.md	[142]识蕴论章	[175]	175	vol_4/English-First-Edition-markdown/vol 4, Page 142-208.md	glossary/subsets/vol 4, Page 142-208.tsv
vol_4/markdown/[142]ဝိညာဏက္ခန္ဓကထာ အခန်း/[176]၉။ ကာယဝိညာဏ်.md	[142]识蕴论章	[176]	176	vol_4/English-First-Edition-markdown/vol 4, Page 142-208.md	glossary/subsets/vol 4, Page 142-208.tsv
vol_4/markdown/[142]ဝိညာဏက္ခန္ဓကထာ အခန်း/[177]ပဉ္စဝိညာဏ်တို့၌ ဝေဒနာ.md	[142]识蕴论章	[177]	177	vol_4/English-First-Edition-markdown/vol 4, Page 142-208.md	glossary/subsets/vol 4, Page 142-208.tsv
vol_4/markdown/[142]ဝိညာဏက္ခန္ဓကထာ အခန်း/[178]ဝေဒနာ ကြာမြင့်စွာ ဖြစ်ပုံ.md	[142]识蕴论章	[178]	178	vol_4/English-First-Edition-markdown/vol 4, Page 142-208.md	glossary/subsets/vol 4, Page 142-208.tsv
vol_4/markdown/[142]ဝိညာဏက္ခန္ဓကထာ အခန်း/[179]ဃဋ္ဋန = ထိခိုက်မှု.md	[142]识蕴论章	[179]	179	vol_4/English-First-Edition-markdown/vol 4, Page 142-208.md	glossary/subsets/vol 4, Page 142-208.tsv
vol_4/markdown/[142]ဝိညာဏက္ခန္ဓကထာ အခန်း/[180]မနောဝိညာဏ်နာမ်တရားစုတို့၏ ပစ္စုပ္ပန်အကြောင်း.md	[142]识蕴论章	[180]	180	vol_4/English-First-Edition-markdown/vol 4, Page 142-208.md	glossary/subsets/vol 4, Page 142-208.tsv
vol_4/markdown/[142]ဝိညာဏက္ခန္ဓကထာ အခန်း/[181]၁၀။ သမ္ပဋိစ္ဆိုင်း = လက်ခံ (ဝိပါက်မနောဓာတ်).md	[142]识蕴论章	[181]	181	vol_4/English-First-Edition-markdown/vol 4, Page 142-208.md	glossary/subsets/vol 4, Page 142-208.tsv
vol_4/markdown/[142]ဝိညာဏက္ခန္ဓကထာ အခန်း/[184]၁၁။ သန္တီရဏ (= အဟိတ်ဝိပါက် မနောဝိညာဏဓာတ်).md	[142]识蕴论章	[184]	184	vol_4/English-First-Edition-markdown/vol 4, Page 142-208.md	glossary/subsets/vol 4, Page 142-208.tsv
vol_4/markdown/[142]ဝိညာဏက္ခန္ဓကထာ အခန်း/[186]၁၂။ ဝုဋ္ဌော (= သာဓာရဏာ ကိရိယ မနောဝိညာဏဓာတ်).md	[142]识蕴论章	[186]	186	vol_4/English-First-Edition-markdown/vol 4, Page 142-208.md	glossary/subsets/vol 4, Page 142-208.tsv
vol_4/markdown/[142]ဝိညာဏက္ခန္ဓကထာ အခန်း/[187]ထပ်ဆင့်မေးခွန်းတစ်ခု.md	[142]识蕴论章	[187]	187	vol_4/English-First-Edition-markdown/vol 4, Page 142-208.md	glossary/subsets/vol 4, Page 142-208.tsv
vol_4/markdown/[142]ဝိညာဏက္ခန္ဓကထာ အခန်း/[188]၁၃။ ဇော - ကုသိုလ်ဇော.md	[142]识蕴论章	[188]	188	vol_4/English-First-Edition-markdown/vol 4, Page 142-208.md	glossary/subsets/vol 4, Page 142-208.tsv
vol_4/markdown/[142]ဝိညာဏက္ခန္ဓကထာ အခန်း/[189]ကုသိုလ်ဟူသည်.md	[142]识蕴论章	[189]	189	vol_4/English-First-Edition-markdown/vol 4, Page 142-208.md	glossary/subsets/vol 4, Page 142-208.tsv
vol_4/markdown/[142]ဝိညာဏက္ခန္ဓကထာ အခန်း/[190]တစ်နည်း အဖွင့်များ.md	[142]识蕴论章	[190]	190	vol_4/English-First-Edition-markdown/vol 4, Page 142-208.md	glossary/subsets/vol 4, Page 142-208.tsv
vol_4/markdown/[142]ဝိညာဏက္ခန္ဓကထာ အခန်း/[192]မုချအားဖြင့် မှတ်ရန်.md	[142]识蕴论章	[192]	192	vol_4/English-First-Edition-markdown/vol 4, Page 142-208.md	glossary/subsets/vol 4, Page 142-208.tsv
vol_4/markdown/[142]ဝိညာဏက္ခန္ဓကထာ အခန်း/[195]၁၃။ ဇော - အကုသိုလ်ဇော.md	[142]识蕴论章	[195]	195	vol_4/English-First-Edition-markdown/vol 4, Page 142-208.md	glossary/subsets/vol 4, Page 142-208.tsv
vol_4/markdown/[142]ဝိညာဏက္ခန္ဓကထာ အခန်း/[197]အနက်အဓိပ္ပါယ် ယှဉ်စပ် ယောဇနာပုံ.md	[142]识蕴论章	[197]	197	vol_4/English-First-Edition-markdown/vol 4, Page 142-208.md	glossary/subsets/vol 4, Page 142-208.tsv
vol_4/markdown/[142]ဝိညာဏက္ခန္ဓကထာ အခန်း/[198]ရသ - ပစ္စုပဋ္ဌာန် - ပဒဋ္ဌာန်.md	[142]识蕴论章	[198]	198	vol_4/English-First-Edition-markdown/vol 4, Page 142-208.md	glossary/subsets/vol 4, Page 142-208.tsv
vol_4/markdown/[142]ဝိညာဏက္ခန္ဓကထာ အခန်း/[198b]ပစ္စုပဋ္ဌာန် ရှုကွက်.md	[142]识蕴论章	[198b]	198	vol_4/English-First-Edition-markdown/vol 4, Page 142-208.md	glossary/subsets/vol 4, Page 142-208.tsv
vol_4/markdown/[142]ဝိညာဏက္ခန္ဓကထာ အခန်း/[199]လက္ခဏနှင့် ရသ.md	[142]识蕴论章	[199]	199	vol_4/English-First-Edition-markdown/vol 4, Page 142-208.md	glossary/subsets/vol 4, Page 142-208.tsv
vol_4/markdown/[142]ဝိညာဏက္ခန္ဓကထာ အခန်း/[200]ပဉ္စဒွါရိကဇော.md	[142]识蕴论章	[200]	200	vol_4/English-First-Edition-markdown/vol 4, Page 142-208.md	glossary/subsets/vol 4, Page 142-208.tsv
vol_4/markdown/[142]ဝိညာဏက္ခန္ဓကထာ အခန်း/[202a]၁၄။ တဒါရုံ.md	[142]识蕴论章	[202a]	202	vol_4/English-First-Edition-markdown/vol 4, Page 142-208.md	glossary/subsets/vol 4, Page 142-208.tsv
vol_4/markdown/[142]ဝိညာဏက္ခန္ဓကထာ အခန်း/[202b]၁၅။ မနောဒွါရာဝဇ္ဇန်း.md	[142]识蕴论章	[202b]	202	vol_4/English-First-Edition-markdown/vol 4, Page 142-208.md	glossary/subsets/vol 4, Page 142-208.tsv
vol_4/markdown/[142]ဝိညာဏက္ခန္ဓကထာ အခန်း/[204]မဟာဂဇစိတ် = ဆင်ပြောင်ကြီးနှင့်တူသောစိတ်.md	[142]识蕴论章	[204]	204	vol_4/English-First-Edition-markdown/vol 4, Page 142-208.md	glossary/subsets/vol 4, Page 142-208.tsv
vol_4/markdown/[142]ဝိညာဏက္ခန္ဓကထာ အခန်း/[204b]၁၆။ ဟသိတုပ္ပါဒ်စိတ်.md	[142]识蕴论章	[204b]	204	vol_4/English-First-Edition-markdown/vol 4, Page 142-208.md	glossary/subsets/vol 4, Page 142-208.tsv
vol_4/markdown/[142]ဝိညာဏက္ခန္ဓကထာ အခန်း/[206]မူလဋီကာ၏ ဖွင့်ဆိုချက်.md	[142]识蕴论章	[206]	206	vol_4/English-First-Edition-markdown/vol 4, Page 142-208.md	glossary/subsets/vol 4, Page 142-208.tsv
vol_4/markdown/[142]ဝိညာဏက္ခန္ဓကထာ အခန်း/[206b]အနုဋီကာဆရာတော်၏ သုံးသပ်ချက်.md	[142]识蕴论章	[206b]	206	vol_4/English-First-Edition-markdown/vol 4, Page 142-208.md	glossary/subsets/vol 4, Page 142-208.tsv
vol_4/markdown/[142]ဝိညာဏက္ခန္ဓကထာ အခန်း/[207]ပြုံးရွှင်မှုကို ဖြစ်စေတတ်သော စိတ်များ.md	[142]识蕴论章	[207]	207	vol_4/English-First-Edition-markdown/vol 4, Page 142-208.md	glossary/subsets/vol 4, Page 142-208.tsv
vol_4/markdown/[142]ဝိညာဏက္ခန္ဓကထာ အခန်း/[207b]၁၇။ စုတိစိတ်.md	[142]识蕴论章	[207b]	207	vol_4/English-First-Edition-markdown/vol 4, Page 142-208.md	glossary/subsets/vol 4, Page 142-208.tsv
vol_4/markdown/[209]ဝေဒနာက္ခန္ဓကထာ အခန်း/[209a]ဝေဒနာက္ခန္ဓကထာ အခန်း.md	[209]受蕴论章	[209a]	209	vol_4/English-First-Edition-markdown/vol 4, Page 209-226.md	glossary/subsets/vol 4, Page 209-226.tsv
vol_4/markdown/[209]ဝေဒနာက္ခန္ဓကထာ အခန်း/[209b]၁။ သုခဝေဒနား.md	[209]受蕴论章	[209b]	209	vol_4/English-First-Edition-markdown/vol 4, Page 209-226.md	glossary/subsets/vol 4, Page 209-226.tsv
vol_4/markdown/[209]ဝေဒနာက္ခန္ဓကထာ အခန်း/[210]၂။ဒုက္ခဝေဒနာ.md	[209]受蕴论章	[210]	210	vol_4/English-First-Edition-markdown/vol 4, Page 209-226.md	glossary/subsets/vol 4, Page 209-226.tsv
vol_4/markdown/[209]ဝေဒနာက္ခန္ဓကထာ အခန်း/[210]၃။သောမနဿဝေဒနာ.md	[209]受蕴论章	[210]	210	vol_4/English-First-Edition-markdown/vol 4, Page 209-226.md	glossary/subsets/vol 4, Page 209-226.tsv
vol_4/markdown/[209]ဝေဒနာက္ခန္ဓကထာ အခန်း/[212]ဥပမာဆောင်၍ ပြခြင်း.md	[209]受蕴论章	[212]	212	vol_4/English-First-Edition-markdown/vol 4, Page 209-226.md	glossary/subsets/vol 4, Page 209-226.tsv
vol_4/markdown/[209]ဝေဒနာက္ခန္ဓကထာ အခန်း/[213]တစ်နည်း ဖွင့်ဆိုပုံ.md	[209]受蕴论章	[213]	213	vol_4/English-First-Edition-markdown/vol 4, Page 209-226.md	glossary/subsets/vol 4, Page 209-226.tsv
vol_4/markdown/[209]ဝေဒနာက္ခန္ဓကထာ အခန်း/[214]ပီတိနှင့် သုခ.md	[209]受蕴论章	[214]	214	vol_4/English-First-Edition-markdown/vol 4, Page 209-226.md	glossary/subsets/vol 4, Page 209-226.tsv
vol_4/markdown/[209]ဝေဒနာက္ခန္ဓကထာ အခန်း/[215]လောဘမူ သောမနဿဝေဒနာ.md	[209]受蕴论章	[215]	215	vol_4/English-First-Edition-markdown/vol 4, Page 209-226.md	glossary/subsets/vol 4, Page 209-226.tsv
vol_4/markdown/[209]ဝေဒနာက္ခန္ဓကထာ အခန်း/[216]၄။ ဒေါမနဿဝေဒနာ.md	[209]受蕴论章	[216]	216	vol_4/English-First-Edition-markdown/vol 4, Page 209-226.md	glossary/subsets/vol 4, Page 209-226.tsv
vol_4/markdown/[209]ဝေဒနာက္ခန္ဓကထာ အခန်း/[216]၅။ ဥပေက္ခာဝေဒနာ.md	[209]受蕴论章	[216]	216	vol_4/English-First-Edition-markdown/vol 4, Page 209-226.md	glossary/subsets/vol 4, Page 209-226.tsv
vol_4/markdown/[209]ဝေဒနာက္ခန္ဓကထာ အခန်း/[217](b)စျာနုပေက္ခာ.md	[209]受蕴论章	[217]	217	vol_4/English-First-Edition-markdown/vol 4, Page 209-226.md	glossary/subsets/vol 4, Page 209-226.tsv
vol_4/markdown/[209]ဝေဒနာက္ခန္ဓကထာ အခန်း/[217]‌‌(a)မဟာစည်ဆရာတော်ဘုရားကြီး၏အယူ.md	[209]受蕴论章	[217]	217	vol_4/English-First-Edition-markdown/vol 4, Page 209-226.md	glossary/subsets/vol 4, Page 209-226.tsv
vol_4/markdown/[209]ဝေဒနာက္ခန္ဓကထာ အခန်း/[218]အဒုက္ခမသုခ=ဥပေက္ခာ ဝေဒနာ.md	[209]受蕴论章	[218]	218	vol_4/English-First-Edition-markdown/vol 4, Page 209-226.md	glossary/subsets/vol 4, Page 209-226.tsv
vol_4/markdown/[221]သညာက္ခန္ဓကထာ အခန်း/[221]သညာက္ခန္ဓကထာ အခန်း.md	[221]想蕴论章	[221]	221	vol_4/English-First-Edition-markdown/vol 4, Page 209-226.md	glossary/subsets/vol 4, Page 209-226.tsv
vol_4/markdown/[221]သညာက္ခန္ဓကထာ အခန်း/[222]ဉာဏသမ္ပယုတ် သညာ.md	[221]想蕴论章	[222]	222	vol_4/English-First-Edition-markdown/vol 4, Page 209-226.md	glossary/subsets/vol 4, Page 209-226.tsv
vol_4/markdown/[227]သင်္ခါရက္ခန္ဓကထာ အခန်း/[227]သင်္ခါရက္ခန္ဓကထာ အခန်း.md	[227]行蕴论章	[227]	227	vol_4/English-First-Edition-markdown/vol 4, Page 227-250.md	glossary/subsets/vol 4, Page 227-250.tsv
vol_4/markdown/[227]သင်္ခါရက္ခန္ဓကထာ အခန်း/[229]သမင်္ဂီတာ=၏သမင်္ဂီ(၅)ပါး.md	[227]行蕴论章	[229]	229	vol_4/English-First-Edition-markdown/vol 4, Page 227-250.md	glossary/subsets/vol 4, Page 227-250.tsv
vol_4/markdown/[227]သင်္ခါရက္ခန္ဓကထာ အခန်း/[230]ဒုတိယဗလဉာဏ်တော်.md	[227]行蕴论章	[230]	230	vol_4/English-First-Edition-markdown/vol 4, Page 227-250.md	glossary/subsets/vol 4, Page 227-250.tsv
vol_4/markdown/[227]သင်္ခါရက္ခန္ဓကထာ အခန်း/[233](a)သမ္ပတ္တိ နှင့် ဝိပတ္တိ.md	[227]行蕴论章	[233]	233	vol_4/English-First-Edition-markdown/vol 4, Page 227-250.md	glossary/subsets/vol 4, Page 227-250.tsv
vol_4/markdown/[227]သင်္ခါရက္ခန္ဓကထာ အခန်း/[233](b)(က) အုပ်စု ကံ(၄)မျိုး .md	[227]行蕴论章	[233]	233	vol_4/English-First-Edition-markdown/vol 4, Page 227-250.md	glossary/subsets/vol 4, Page 227-250.tsv
vol_4/markdown/[227]သင်္ခါရက္ခန္ဓကထာ အခန်း/[235](ခ)အုပ်စု ကံ (၄)မျိုး.md	[227]行蕴论章	[235]	235	vol_4/English-First-Edition-markdown/vol 4, Page 227-250.md	glossary/subsets/vol 4, Page 227-250.tsv
vol_4/markdown/[227]သင်္ခါရက္ခန္ဓကထာ အခန်း/[237]ခေတ္တရပ်နား၍ စဥ်းစားကြည့်ပါ.md	[227]行蕴论章	[237]	237	vol_4/English-First-Edition-markdown/vol 4, Page 227-250.md	glossary/subsets/vol 4, Page 227-250.tsv
vol_4/markdown/[227]သင်္ခါရက္ခန္ဓကထာ အခန်း/[238]ဥပမာဆောင်၍ ပြဆိုပုံ.md	[227]行蕴论章	[238]	238	vol_4/English-First-Edition-markdown/vol 4, Page 227-250.md	glossary/subsets/vol 4, Page 227-250.tsv
vol_4/markdown/[227]သင်္ခါရက္ခန္ဓကထာ အခန်း/[239]ဥပမာနနှင့် ဥပမေယျ နှီးနှော၍ ပြဆိုပုံ.md	[227]行蕴论章	[239]	239	vol_4/English-First-Edition-markdown/vol 4, Page 227-250.md	glossary/subsets/vol 4, Page 227-250.tsv
vol_4/markdown/[227]သင်္ခါရက္ခန္ဓကထာ အခန်း/[240](ဂ) အုပ်စု - ကံ (၄)မျိုး.md	[227]行蕴论章	[240]	240	vol_4/English-First-Edition-markdown/vol 4, Page 227-250.md	glossary/subsets/vol 4, Page 227-250.tsv
vol_4/markdown/[227]သင်္ခါရက္ခန္ဓကထာ အခန်း/[242](ဃ) အုပ်စု ကံ (၄) မျိုး.md	[227]行蕴论章	[242]	242	vol_4/English-First-Edition-markdown/vol 4, Page 227-250.md	glossary/subsets/vol 4, Page 227-250.tsv
vol_4/markdown/[227]သင်္ခါရက္ခန္ဓကထာ အခန်း/[243]မဟာသောဏမထေရ် မြတ်ကြီး၏ဝတ္ထု.md	[227]行蕴论章	[243]	243	vol_4/English-First-Edition-markdown/vol 4, Page 227-250.md	glossary/subsets/vol 4, Page 227-250.tsv
vol_4/markdown/[227]သင်္ခါရက္ခန္ဓကထာ အခန်း/[248]ဝတ္တဗ္ဗကနိဂြောဓမထေရ်မြတ်ကြီး၏ ဝတ္ထု.md	[227]行蕴论章	[248]	248	vol_4/English-First-Edition-markdown/vol 4, Page 227-250.md	glossary/subsets/vol 4, Page 227-250.tsv
vol_4/markdown/[227]သင်္ခါရက္ခန္ဓကထာ အခန်း/[253]စူဠသုဓမ္မမထေရ်.md	[227]行蕴论章	[253]	253	vol_4/English-First-Edition-markdown/vol 4, Page 251-291.md	glossary/subsets/vol 4, Page 251-291.tsv
vol_4/markdown/[227]သင်္ခါရက္ခန္ဓကထာ အခန်း/[254]a-တိပိဋကဓရ စူဠနာဂမထေရ်.md	[227]行蕴论章	[254]a	254	vol_4/English-First-Edition-markdown/vol 4, Page 251-291.md	glossary/subsets/vol 4, Page 251-291.tsv
vol_4/markdown/[227]သင်္ခါရက္ခန္ဓကထာ အခန်း/[254]b-အဗ္ဘူတောပမာ = မဖြစ်ဖူးသော ဥပမာ.md	[227]行蕴论章	[254]b	254	vol_4/English-First-Edition-markdown/vol 4, Page 251-291.md	glossary/subsets/vol 4, Page 251-291.tsv
vol_4/markdown/[227]သင်္ခါရက္ခန္ဓကထာ အခန်း/[255]ပဋိသမ္ဘိဒါမဂ်ပါဠိတော်နည်း.md	[227]行蕴论章	[255]	255	vol_4/English-First-Edition-markdown/vol 4, Page 251-291.md	glossary/subsets/vol 4, Page 251-291.tsv
vol_4/markdown/[227]သင်္ခါရက္ခန္ဓကထာ အခန်း/[259]မျိုးစေ့ နှင့် အသီး.md	[227]行蕴论章	[259]	259	vol_4/English-First-Edition-markdown/vol 4, Page 251-291.md	glossary/subsets/vol 4, Page 251-291.tsv
vol_4/markdown/[227]သင်္ခါရက္ခန္ဓကထာ အခန်း/[260]စူဠကမ္မဝိဘင်္ဂသုတ္တန်.md	[227]行蕴论章	[260]	260	vol_4/English-First-Edition-markdown/vol 4, Page 251-291.md	glossary/subsets/vol 4, Page 251-291.tsv
vol_4/markdown/[227]သင်္ခါရက္ခန္ဓကထာ အခန်း/[263]သုဘလုလင်၏ ပြဿနာ (၁၄)ရပ်.md	[227]行蕴论章	[263]	263	vol_4/English-First-Edition-markdown/vol 4, Page 251-291.md	glossary/subsets/vol 4, Page 251-291.tsv
vol_4/markdown/[227]သင်္ခါရက္ခန္ဓကထာ အခန်း/[265]အမှတ်(၁)အဖြေ - အသက်တိုခြင်း.md	[227]行蕴论章	[265]	265	vol_4/English-First-Edition-markdown/vol 4, Page 251-291.md	glossary/subsets/vol 4, Page 251-291.tsv
vol_4/markdown/[227]သင်္ခါရက္ခန္ဓကထာ အခန်း/[269]အမှတ်(၂)အဖြေ - အသက်ရှည်ခြင်း.md	[227]行蕴论章	[269]	269	vol_4/English-First-Edition-markdown/vol 4, Page 251-291.md	glossary/subsets/vol 4, Page 251-291.tsv
vol_4/markdown/[227]သင်္ခါရက္ခန္ဓကထာ အခန်း/[270]အမှတ်(၃)အဖြေ - အနာရောဂါများပြားခြင်း.md	[227]行蕴论章	[270]	270	vol_4/English-First-Edition-markdown/vol 4, Page 251-291.md	glossary/subsets/vol 4, Page 251-291.tsv
vol_4/markdown/[227]သင်္ခါရက္ခန္ဓကထာ အခန်း/[272]အမှတ်(၄)အဖြေ - အနာရောဂါကင်းခြင်း.md	[227]行蕴论章	[272]	272	vol_4/English-First-Edition-markdown/vol 4, Page 251-291.md	glossary/subsets/vol 4, Page 251-291.tsv
vol_4/markdown/[227]သင်္ခါရက္ခန္ဓကထာ အခန်း/[273]အမှတ်(၅)အဖြေ - အရုပ်ဆိုးခြင်း.md	[227]行蕴论章	[273]	273	vol_4/English-First-Edition-markdown/vol 4, Page 251-291.md	glossary/subsets/vol 4, Page 251-291.tsv
vol_4/markdown/[227]သင်္ခါရက္ခန္ဓကထာ အခန်း/[274]a-အမှတ်(၆)အဖြေ - ရုပ်အဆင်း လှပ တင့်တယ်ခြင်း.md	[227]行蕴论章	[274]a	274	vol_4/English-First-Edition-markdown/vol 4, Page 251-291.md	glossary/subsets/vol 4, Page 251-291.tsv
vol_4/markdown/[227]သင်္ခါရက္ခန္ဓကထာ အခန်း/[274]အမှတ်(၇)အဖြေ - အခြံအရံ မရှိခြင်း.md	[227]行蕴论章	[274]	274	vol_4/English-First-Edition-markdown/vol 4, Page 251-291.md	glossary/subsets/vol 4, Page 251-291.tsv
vol_4/markdown/[227]သင်္ခါရက္ခန္ဓကထာ အခန်း/[275]အမှတ်(၈)အဖြေ - အခြံအရံ များခြင်း.md	[227]行蕴论章	[275]	275	vol_4/English-First-Edition-markdown/vol 4, Page 251-291.md	glossary/subsets/vol 4, Page 251-291.tsv
vol_4/markdown/[227]သင်္ခါရက္ခန္ဓကထာ အခန်း/[276]အမှတ်(၉)အဖြေ - စည်းစိမ်ဥစ္စာ နည်းပါးခြင်း.md	[227]行蕴论章	[276]	276	vol_4/English-First-Edition-markdown/vol 4, Page 251-291.md	glossary/subsets/vol 4, Page 251-291.tsv
vol_4/markdown/[227]သင်္ခါရက္ခန္ဓကထာ အခန်း/[277]အမှတ်(၁၀)အဖြေ - စည်းစိမ်ဥစ္စာ ပေါများခြင်း.md	[227]行蕴论章	[277]	277	vol_4/English-First-Edition-markdown/vol 4, Page 251-291.md	glossary/subsets/vol 4, Page 251-291.tsv
vol_4/markdown/[227]သင်္ခါရက္ခန္ဓကထာ အခန်း/[278]အမှတ်(၁၁)အဖြေ - အမျိုးယုတ်ခြင်း.md	[227]行蕴论章	[278]	278	vol_4/English-First-Edition-markdown/vol 4, Page 251-291.md	glossary/subsets/vol 4, Page 251-291.tsv
vol_4/markdown/[227]သင်္ခါရက္ခန္ဓကထာ အခန်း/[279]အမှတ်(၁၂)အဖြေ - အမျိုးမြတ်ခြင်း.md	[227]行蕴论章	[279]	279	vol_4/English-First-Edition-markdown/vol 4, Page 251-291.md	glossary/subsets/vol 4, Page 251-291.tsv
vol_4/markdown/[227]သင်္ခါရက္ခန္ဓကထာ အခန်း/[281]အမှတ်(၁၃)အဖြေ - ပညာမဲ့ခြင်း.md	[227]行蕴论章	[281]	281	vol_4/English-First-Edition-markdown/vol 4, Page 251-291.md	glossary/subsets/vol 4, Page 251-291.tsv
vol_4/markdown/[227]သင်္ခါရက္ခန္ဓကထာ အခန်း/[282]အမှတ်(၁၄)အဖြေ - ပညာဉာဏ် ကြီးမားခြင်း.md	[227]行蕴论章	[282]	282	vol_4/English-First-Edition-markdown/vol 4, Page 251-291.md	glossary/subsets/vol 4, Page 251-291.tsv
vol_4/markdown/[227]သင်္ခါရက္ခန္ဓကထာ အခန်း/[284]ဒေသနာတော်နိဂုံး.md	[227]行蕴论章	[284]	284	vol_4/English-First-Edition-markdown/vol 4, Page 251-291.md	glossary/subsets/vol 4, Page 251-291.tsv
vol_4/markdown/[227]သင်္ခါရက္ခန္ဓကထာ အခန်း/[286]စိတ်နှင့် စေတသိက်အကြောင်း.md	[227]行蕴论章	[286]	286	vol_4/English-First-Edition-markdown/vol 4, Page 251-291.md	glossary/subsets/vol 4, Page 251-291.tsv
vol_4/markdown/[227]သင်္ခါရက္ခန္ဓကထာ အခန်း/[292]သဗ္ဗစိတ္တသာဓာရဏ စေတသိက်အပိုင်း/[292a]သဗ္ဗစိတ္တသာဓာရဏ စေတသိက်အပိုင်း.md	[227]行蕴论章/[292]遍一切心心所篇	[292a]	292	vol_4/English-First-Edition-markdown/Vol 4, Page 292_324.md	glossary/subsets/Vol 4, Page 292_324.tsv
vol_4/markdown/[227]သင်္ခါရက္ခန္ဓကထာ အခန်း/[292]သဗ္ဗစိတ္တသာဓာရဏ စေတသိက်အပိုင်း/[292b]၁။ဖဿ.md	[227]行蕴论章/[292]遍一切心心所篇	[292b]	292	vol_4/English-First-Edition-markdown/Vol 4, Page 292_324.md	glossary/subsets/Vol 4, Page 292_324.tsv
vol_4/markdown/[227]သင်္ခါရက္ခန္ဓကထာ အခန်း/[292]သဗ္ဗစိတ္တသာဓာရဏ စေတသိက်အပိုင်း/[294]ပဥ္စဒွါရိကနှင့် မနောဒွါရိက.md	[227]行蕴论章/[292]遍一切心心所篇	[294]	294	vol_4/English-First-Edition-markdown/Vol 4, Page 292_324.md	glossary/subsets/Vol 4, Page 292_324.tsv
vol_4/markdown/[227]သင်္ခါရက္ခန္ဓကထာ အခန်း/[292]သဗ္ဗစိတ္တသာဓာရဏ စေတသိက်အပိုင်း/[298]၂။စေတနာ.md	[227]行蕴论章/[292]遍一切心心所篇	[298]	298	vol_4/English-First-Edition-markdown/Vol 4, Page 292_324.md	glossary/subsets/Vol 4, Page 292_324.tsv
vol_4/markdown/[227]သင်္ခါရက္ခန္ဓကထာ အခန်း/[292]သဗ္ဗစိတ္တသာဓာရဏ စေတသိက်အပိုင်း/[303]၃။ဧကဂ္ဂတာ = သမာဓိ.md	[227]行蕴论章/[292]遍一切心心所篇	[303]	303	vol_4/English-First-Edition-markdown/Vol 4, Page 292_324.md	glossary/subsets/Vol 4, Page 292_324.tsv
vol_4/markdown/[227]သင်္ခါရက္ခန္ဓကထာ အခန်း/[292]သဗ္ဗစိတ္တသာဓာရဏ စေတသိက်အပိုင်း/[309]၄။ဇီဝိတ.md	[227]行蕴论章/[292]遍一切心心所篇	[309]	309	vol_4/English-First-Edition-markdown/Vol 4, Page 292_324.md	glossary/subsets/Vol 4, Page 292_324.tsv
vol_4/markdown/[227]သင်္ခါရက္ခန္ဓကထာ အခန်း/[292]သဗ္ဗစိတ္တသာဓာရဏ စေတသိက်အပိုင်း/[314]၅။မနသိကာရ.md	[227]行蕴论章/[292]遍一切心心所篇	[314]	314	vol_4/English-First-Edition-markdown/Vol 4, Page 292_324.md	glossary/subsets/Vol 4, Page 292_324.tsv
vol_4/markdown/[227]သင်္ခါရက္ခန္ဓကထာ အခန်း/[292]သဗ္ဗစိတ္တသာဓာရဏ စေတသိက်အပိုင်း/[316]ပြည်ဆရာတော်ဘုရားကြီး၏ မှတ်ချက်.md	[227]行蕴论章/[292]遍一切心心所篇	[316]	316	vol_4/English-First-Edition-markdown/Vol 4, Page 292_324.md	glossary/subsets/Vol 4, Page 292_324.tsv
vol_4/markdown/[227]သင်္ခါရက္ခန္ဓကထာ အခန်း/[317]ပကိဏ်း စေတသိက် အပိုင်း/[317a]ပကိဏ်း စေတသိက် အပိုင်း.md	[227]行蕴论章/[317]杂心所篇	[317a]	317	vol_4/English-First-Edition-markdown/Vol 4, Page 292_324.md	glossary/subsets/Vol 4, Page 292_324.tsv
vol_4/markdown/[227]သင်္ခါရက္ခန္ဓကထာ အခန်း/[317]ပကိဏ်း စေတသိက် အပိုင်း/[317b]၁။ ဝိတက္က = ဝိတက်.md	[227]行蕴论章/[317]杂心所篇	[317b]	317	vol_4/English-First-Edition-markdown/Vol 4, Page 292_324.md	glossary/subsets/Vol 4, Page 292_324.tsv
vol_4/markdown/[227]သင်္ခါရက္ခန္ဓကထာ အခန်း/[317]ပကိဏ်း စေတသိက် အပိုင်း/[318](က)မိလိန္ဒပဉှ ပါဠိတော်.md	[227]行蕴论章/[317]杂心所篇	[318]	318	vol_4/English-First-Edition-markdown/Vol 4, Page 292_324.md	glossary/subsets/Vol 4, Page 292_324.tsv
vol_4/markdown/[227]သင်္ခါရက္ခန္ဓကထာ အခန်း/[317]ပကိဏ်း စေတသိက် အပိုင်း/[319]ဝိတတ် မယှဥ်သော စိတ်များက အာရုံယူနိုင်ပုံ.md	[227]行蕴论章/[317]杂心所篇	[319]	319	vol_4/English-First-Edition-markdown/Vol 4, Page 292_324.md	glossary/subsets/Vol 4, Page 292_324.tsv
vol_4/markdown/[227]သင်္ခါရက္ခန္ဓကထာ အခန်း/[317]ပကိဏ်း စေတသိက် အပိုင်း/[322]အပ္ပနာဟူသည်.md	[227]行蕴论章/[317]杂心所篇	[322]	322	vol_4/English-First-Edition-markdown/Vol 4, Page 292_324.md	glossary/subsets/Vol 4, Page 292_324.tsv
vol_4/markdown/[227]သင်္ခါရက္ခန္ဓကထာ အခန်း/[317]ပကိဏ်း စေတသိက် အပိုင်း/[323]a-၂။ ဝိစာရ.md	[227]行蕴论章/[317]杂心所篇	[323]a	323	vol_4/English-First-Edition-markdown/Vol 4, Page 292_324.md	glossary/subsets/Vol 4, Page 292_324.tsv
vol_4/markdown/[227]သင်္ခါရက္ခန္ဓကထာ အခန်း/[317]ပကိဏ်း စေတသိက် အပိုင်း/[323]b-ဝိတက်နှင့် ဝိစာရ(အဘိ-ဋ္ဌ-၁-၁၅၈).md	[227]行蕴论章/[317]杂心所篇	[323]b	323	vol_4/English-First-Edition-markdown/Vol 4, Page 292_324.md	glossary/subsets/Vol 4, Page 292_324.tsv
vol_4/markdown/[227]သင်္ခါရက္ခန္ဓကထာ အခန်း/[317]ပကိဏ်း စေတသိက် အပိုင်း/[325]၃။အဓိမောက္ခ.md	[227]行蕴论章/[317]杂心所篇	[325]	325	vol_4/English-First-Edition-markdown/Vol 4, Page 324_385.md	glossary/subsets/Vol 4, Page 324_385.tsv
vol_4/markdown/[227]သင်္ခါရက္ခန္ဓကထာ အခန်း/[317]ပကိဏ်း စေတသိက် အပိုင်း/[327]၄။ဝီရိယ.md	[227]行蕴论章/[317]杂心所篇	[327]	327	vol_4/English-First-Edition-markdown/Vol 4, Page 324_385.md	glossary/subsets/Vol 4, Page 324_385.tsv
vol_4/markdown/[227]သင်္ခါရက္ခန္ဓကထာ အခန်း/[317]ပကိဏ်း စေတသိက် အပိုင်း/[331]ကုသိတာရမ္ဘဝတ္ထု သုတ္တန်.md	[227]行蕴论章/[317]杂心所篇	[331]	331	vol_4/English-First-Edition-markdown/Vol 4, Page 324_385.md	glossary/subsets/Vol 4, Page 324_385.tsv
vol_4/markdown/[227]သင်္ခါရက္ခန္ဓကထာ အခန်း/[317]ပကိဏ်း စေတသိက် အပိုင်း/[337]၅။ပီတိ.md	[227]行蕴论章/[317]杂心所篇	[337]	337	vol_4/English-First-Edition-markdown/Vol 4, Page 324_385.md	glossary/subsets/Vol 4, Page 324_385.tsv
vol_4/markdown/[227]သင်္ခါရက္ခန္ဓကထာ အခန်း/[317]ပကိဏ်း စေတသိက် အပိုင်း/[338]ဥဗ္ဗေဂါပီတိ.md	[227]行蕴论章/[317]杂心所篇	[338]	338	vol_4/English-First-Edition-markdown/Vol 4, Page 324_385.md	glossary/subsets/Vol 4, Page 324_385.tsv
vol_4/markdown/[227]သင်္ခါရက္ခန္ဓကထာ အခန်း/[317]ပကိဏ်း စေတသိက် အပိုင်း/[340]ပီတိနှင့် သုခ.md	[227]行蕴论章/[317]杂心所篇	[340]	340	vol_4/English-First-Edition-markdown/Vol 4, Page 324_385.md	glossary/subsets/Vol 4, Page 324_385.tsv
vol_4/markdown/[227]သင်္ခါရက္ခန္ဓကထာ အခန်း/[317]ပကိဏ်း စေတသိက် အပိုင်း/[342]၆။ ဆန္ဒ.md	[227]行蕴论章/[317]杂心所篇	[342]	342	vol_4/English-First-Edition-markdown/Vol 4, Page 324_385.md	glossary/subsets/Vol 4, Page 324_385.tsv
vol_4/markdown/[227]သင်္ခါရက္ခန္ဓကထာ အခန်း/[346]အကုသိုလ်စေတသိက် (၁၄) လုံး အပိုင်း/[346]a-အကုသိုလ်စေတသိက်(၂၄)လုံး အပိုင်း.md	[227]行蕴论章/[346]不善心所（14）个篇	[346]a	346	vol_4/English-First-Edition-markdown/Vol 4, Page 324_385.md	glossary/subsets/Vol 4, Page 324_385.tsv
vol_4/markdown/[227]သင်္ခါရက္ခန္ဓကထာ အခန်း/[346]အကုသိုလ်စေတသိက် (၁၄) လုံး အပိုင်း/[346]b-၁။ မောဟ.md	[227]行蕴论章/[346]不善心所（14）个篇	[346]b	346	vol_4/English-First-Edition-markdown/Vol 4, Page 324_385.md	glossary/subsets/Vol 4, Page 324_385.tsv
vol_4/markdown/[227]သင်္ခါရက္ခန္ဓကထာ အခန်း/[346]အကုသိုလ်စေတသိက် (၁၄) လုံး အပိုင်း/[351]ဟရိတစဇာတ်တော်(၄၃၁).md	[227]行蕴论章/[346]不善心所（14）个篇	[351]	351	vol_4/English-First-Edition-markdown/Vol 4, Page 324_385.md	glossary/subsets/Vol 4, Page 324_385.tsv
vol_4/markdown/[227]သင်္ခါရက္ခန္ဓကထာ အခန်း/[346]အကုသိုလ်စေတသိက် (၁၄) လုံး အပိုင်း/[353]မီးသွေးထမ်းရသူ ပညာရှိကြီး.md	[227]行蕴论章/[346]不善心所（14）个篇	[353]	353	vol_4/English-First-Edition-markdown/Vol 4, Page 324_385.md	glossary/subsets/Vol 4, Page 324_385.tsv
vol_4/markdown/[227]သင်္ခါရက္ခန္ဓကထာ အခန်း/[346]အကုသိုလ်စေတသိက် (၁၄) လုံး အပိုင်း/[356]၂။အဟိရိက.md	[227]行蕴论章/[346]不善心所（14）个篇	[356]	356	vol_4/English-First-Edition-markdown/Vol 4, Page 324_385.md	glossary/subsets/Vol 4, Page 324_385.tsv
vol_4/markdown/[227]သင်္ခါရက္ခန္ဓကထာ အခန်း/[346]အကုသိုလ်စေတသိက် (၁၄) လုံး အပိုင်း/[357]၃။အနောတ္တပ္ပ.md	[227]行蕴论章/[346]不善心所（14）个篇	[357]	357	vol_4/English-First-Edition-markdown/Vol 4, Page 324_385.md	glossary/subsets/Vol 4, Page 324_385.tsv
vol_4/markdown/[227]သင်္ခါရက္ခန္ဓကထာ အခန်း/[346]အကုသိုလ်စေတသိက် (၁၄) လုံး အပိုင်း/[361]၄။ဥဒ္ဒစ္စ.md	[227]行蕴论章/[346]不善心所（14）个篇	[361]	361	vol_4/English-First-Edition-markdown/Vol 4, Page 324_385.md	glossary/subsets/Vol 4, Page 324_385.tsv
vol_4/markdown/[227]သင်္ခါရက္ခန္ဓကထာ အခန်း/[346]အကုသိုလ်စေတသိက် (၁၄) လုံး အပိုင်း/[364]၅။လောဘ.md	[227]行蕴论章/[346]不善心所（14）个篇	[364]	364	vol_4/English-First-Edition-markdown/Vol 4, Page 324_385.md	glossary/subsets/Vol 4, Page 324_385.tsv
vol_4/markdown/[227]သင်္ခါရက္ခန္ဓကထာ အခန်း/[346]အကုသိုလ်စေတသိက် (၁၄) လုံး အပိုင်း/[367]အာဒိတ္တပရိယာယသုတ် ကောက်နုတ်ချက်.md	[227]行蕴论章/[346]不善心所（14）个篇	[367]	367	vol_4/English-First-Edition-markdown/Vol 4, Page 324_385.md	glossary/subsets/Vol 4, Page 324_385.tsv
vol_4/markdown/[227]သင်္ခါရက္ခန္ဓကထာ အခန်း/[346]အကုသိုလ်စေတသိက် (၁၄) လုံး အပိုင်း/[372]အရှင်ကောကာလိက၏ လောဘ.md	[227]行蕴论章/[346]不善心所（14）个篇	[372]	372	vol_4/English-First-Edition-markdown/Vol 4, Page 324_385.md	glossary/subsets/Vol 4, Page 324_385.tsv
vol_4/markdown/[227]သင်္ခါရက္ခန္ဓကထာ အခန်း/[346]အကုသိုလ်စေတသိက် (၁၄) လုံး အပိုင်း/[377]အရှင်ကောကာလိက၏ ရှေးဖြစ်ဟောင်း အောက်မေ့ဖွယ်.md	[227]行蕴论章/[346]不善心所（14）个篇	[377]	377	vol_4/English-First-Edition-markdown/Vol 4, Page 324_385.md	glossary/subsets/Vol 4, Page 324_385.tsv
vol_4/markdown/[227]သင်္ခါရက္ခန္ဓကထာ အခန်း/[346]အကုသိုလ်စေတသိက် (၁၄) လုံး အပိုင်း/[378]သာကီဝင်မင်းသား အရှင်ဥပနန္ဒ၏ လောဘ.md	[227]行蕴论章/[346]不善心所（14）个篇	[378]	378	vol_4/English-First-Edition-markdown/Vol 4, Page 324_385.md	glossary/subsets/Vol 4, Page 324_385.tsv
vol_4/markdown/[227]သင်္ခါရက္ခန္ဓကထာ အခန်း/[346]အကုသိုလ်စေတသိက် (၁၄) လုံး အပိုင်း/[380](ခ)စိဥ္စမာဏဝိကာ = စိဥ္စမာဏ.md	[227]行蕴论章/[346]不善心所（14）个篇	[380]	380	vol_4/English-First-Edition-markdown/Vol 4, Page 324_385.md	glossary/subsets/Vol 4, Page 324_385.tsv
vol_4/markdown/[227]သင်္ခါရက္ခန္ဓကထာ အခန်း/[346]အကုသိုလ်စေတသိက် (၁၄) လုံး အပိုင်း/[382]ထုလ္လနန္ဒာ ဘိက္ခုနီမ၏ လောဘ.md	[227]行蕴论章/[346]不善心所（14）个篇	[382]	382	vol_4/English-First-Edition-markdown/Vol 4, Page 324_385.md	glossary/subsets/Vol 4, Page 324_385.tsv
vol_4/markdown/[227]သင်္ခါရက္ခန္ဓကထာ အခန်း/[346]အကုသိုလ်စေတသိက် (၁၄) လုံး အပိုင်း/[383]ရသတဏှာ၏ စွမ်းအား.md	[227]行蕴论章/[346]不善心所（14）个篇	[383]	383	vol_4/English-First-Edition-markdown/Vol 4, Page 324_385.md	glossary/subsets/Vol 4, Page 324_385.tsv
vol_4/markdown/[227]သင်္ခါရက္ခန္ဓကထာ အခန်း/[346]အကုသိုလ်စေတသိက် (၁၄) လုံး အပိုင်း/[385]ပျားလူးမြက်.md	[227]行蕴论章/[346]不善心所（14）个篇	[385]	385	vol_4/English-First-Edition-markdown/Vol 4, Page 324_385.md	glossary/subsets/Vol 4, Page 324_385.tsv
vol_4/markdown/[227]သင်္ခါရက္ခန္ဓကထာ အခန်း/[346]အကုသိုလ်စေတသိက် (၁၄) လုံး အပိုင်း/[387](က)ကုသိုလ်အကူအညီ ရလျှင် အပါယ်မချနိုင်ပုံ.md	[227]行蕴论章/[346]不善心所（14）个篇	[387]	387	vol_4/English-First-Edition-markdown/Vol 4, Page 385_441.md	glossary/subsets/Vol 4, Page 385_441.tsv
vol_4/markdown/[227]သင်္ခါရက္ခန္ဓကထာ အခန်း/[346]အကုသိုလ်စေတသိက် (၁၄) လုံး အပိုင်း/[387](ခ)သုမေဓာ ရှင်ရသေ့.md	[227]行蕴论章/[346]不善心所（14）个篇	[387]	387	vol_4/English-First-Edition-markdown/Vol 4, Page 385_441.md	glossary/subsets/Vol 4, Page 385_441.tsv
vol_4/markdown/[227]သင်္ခါရက္ခန္ဓကထာ အခန်း/[346]အကုသိုလ်စေတသိက် (၁၄) လုံး အပိုင်း/[389]သုမိတ္တာအမျိုးကောင်းသမီး၏ လောဘ.md	[227]行蕴论章/[346]不善心所（14）个篇	[389]	389	vol_4/English-First-Edition-markdown/Vol 4, Page 385_441.md	glossary/subsets/Vol 4, Page 385_441.tsv
vol_4/markdown/[227]သင်္ခါရက္ခန္ဓကထာ အခန်း/[346]အကုသိုလ်စေတသိက် (၁၄) လုံး အပိုင်း/[392]နကုလပိတာ နှင့် နကုလမာတာ.md	[227]行蕴论章/[346]不善心所（14）个篇	[392]	392	vol_4/English-First-Edition-markdown/Vol 4, Page 385_441.md	glossary/subsets/Vol 4, Page 385_441.tsv
vol_4/markdown/[227]သင်္ခါရက္ခန္ဓကထာ အခန်း/[346]အကုသိုလ်စေတသိက် (၁၄) လုံး အပိုင်း/[393]ဥပနိဿယပစ္စည်း၏ စွမ်းအင်.md	[227]行蕴论章/[346]不善心所（14）个篇	[393]	393	vol_4/English-First-Edition-markdown/Vol 4, Page 385_441.md	glossary/subsets/Vol 4, Page 385_441.tsv
vol_4/markdown/[227]သင်္ခါရက္ခန္ဓကထာ အခန်း/[346]အကုသိုလ်စေတသိက် (၁၄) လုံး အပိုင်း/[394]အင်္ဂပူ ဆရာတော်ဘုရားကြီး၏ ‌မောရသုတ်အမွှန်း.md	[227]行蕴论章/[346]不善心所（14）个篇	[394]	394	vol_4/English-First-Edition-markdown/Vol 4, Page 385_441.md	glossary/subsets/Vol 4, Page 385_441.tsv
vol_4/markdown/[227]သင်္ခါရက္ခန္ဓကထာ အခန်း/[346]အကုသိုလ်စေတသိက် (၁၄) လုံး အပိုင်း/[402]ခက်ဆစ် အဓိပ္ပါယ်များ.md	[227]行蕴论章/[346]不善心所（14）个篇	[402]	402	vol_4/English-First-Edition-markdown/Vol 4, Page 385_441.md	glossary/subsets/Vol 4, Page 385_441.tsv
vol_4/markdown/[227]သင်္ခါရက္ခန္ဓကထာ အခန်း/[346]အကုသိုလ်စေတသိက် (၁၄) လုံး အပိုင်း/[408]အဿကဇာတ်တော် ကောက်နုတ်ချက်.md	[227]行蕴论章/[346]不善心所（14）个篇	[408]	408	vol_4/English-First-Edition-markdown/Vol 4, Page 385_441.md	glossary/subsets/Vol 4, Page 385_441.tsv
vol_4/markdown/[227]သင်္ခါရက္ခန္ဓကထာ အခန်း/[346]အကုသိုလ်စေတသိက် (၁၄) လုံး အပိုင်း/[411]ရှေးဘဝက ပေါင်းဖော်ခဲ့ဖူးခြင်း.md	[227]行蕴论章/[346]不善心所（14）个篇	[411]	411	vol_4/English-First-Edition-markdown/Vol 4, Page 385_441.md	glossary/subsets/Vol 4, Page 385_441.tsv
vol_4/markdown/[227]သင်္ခါရက္ခန္ဓကထာ အခန်း/[346]အကုသိုလ်စေတသိက် (၁၄) လုံး အပိုင်း/[413]မာယာ - သာဌေယျ.md	[227]行蕴论章/[346]不善心所（14）个篇	[413]	413	vol_4/English-First-Edition-markdown/Vol 4, Page 385_441.md	glossary/subsets/Vol 4, Page 385_441.tsv
vol_4/markdown/[227]သင်္ခါရက္ခန္ဓကထာ အခန်း/[346]အကုသိုလ်စေတသိက် (၁၄) လုံး အပိုင်း/[415]ဗိဠာရဝတ ဇာတ်တော်.md	[227]行蕴论章/[346]不善心所（14）个篇	[415]	415	vol_4/English-First-Edition-markdown/Vol 4, Page 385_441.md	glossary/subsets/Vol 4, Page 385_441.tsv
vol_4/markdown/[227]သင်္ခါရက္ခန္ဓကထာ အခန်း/[346]အကုသိုလ်စေတသိက် (၁၄) လုံး အပိုင်း/[417]၆။ဒိဋ္ဌိ = မိစ္ဆာဒိဋ္ဌိ.md	[227]行蕴论章/[346]不善心所（14）个篇	[417]	417	vol_4/English-First-Edition-markdown/Vol 4, Page 385_441.md	glossary/subsets/Vol 4, Page 385_441.tsv
vol_4/markdown/[227]သင်္ခါရက္ခန္ဓကထာ အခန်း/[346]အကုသိုလ်စေတသိက် (၁၄) လုံး အပိုင်း/[418]လက္ခဏ - ရသ - ပစ္စုပဋ္ဌာန်.md	[227]行蕴论章/[346]不善心所（14）个篇	[418]	418	vol_4/English-First-Edition-markdown/Vol 4, Page 385_441.md	glossary/subsets/Vol 4, Page 385_441.tsv
vol_4/markdown/[227]သင်္ခါရက္ခန္ဓကထာ အခန်း/[346]အကုသိုလ်စေတသိက် (၁၄) လုံး အပိုင်း/[419]မလွဲချော်နိုင်သော ကျင့်စဥ်.md	[227]行蕴论章/[346]不善心所（14）个篇	[419]	419	vol_4/English-First-Edition-markdown/Vol 4, Page 385_441.md	glossary/subsets/Vol 4, Page 385_441.tsv
vol_4/markdown/[227]သင်္ခါရက္ခန္ဓကထာ အခန်း/[346]အကုသိုလ်စေတသိက် (၁၄) လုံး အပိုင်း/[426]နတ္ထိကဒိဋ္ဌိသမားကြီး နန္ဒက.md	[227]行蕴论章/[346]不善心所（14）个篇	[426]	426	vol_4/English-First-Edition-markdown/Vol 4, Page 385_441.md	glossary/subsets/Vol 4, Page 385_441.tsv
vol_4/markdown/[227]သင်္ခါရက္ခန္ဓကထာ အခန်း/[346]အကုသိုလ်စေတသိက် (၁၄) လုံး အပိုင်း/[429]၇။မာန.md	[227]行蕴论章/[346]不善心所（14）个篇	[429]	429	vol_4/English-First-Edition-markdown/Vol 4, Page 385_441.md	glossary/subsets/Vol 4, Page 385_441.tsv
vol_4/markdown/[227]သင်္ခါရက္ခန္ဓကထာ အခန်း/[346]အကုသိုလ်စေတသိက် (၁၄) လုံး အပိုင်း/[434]အလဂဒ္ဒူပမ စာသင်နည်း.md	[227]行蕴论章/[346]不善心所（14）个篇	[434]	434	vol_4/English-First-Edition-markdown/Vol 4, Page 385_441.md	glossary/subsets/Vol 4, Page 385_441.tsv
vol_4/markdown/[227]သင်္ခါရက္ခန္ဓကထာ အခန်း/[346]အကုသိုလ်စေတသိက် (၁၄) လုံး အပိုင်း/[436]အင်္ဂါ (၉)တန် ရှိသော ပရိယတ်တရားတော်.md	[227]行蕴论章/[346]不善心所（14）个篇	[436]	436	vol_4/English-First-Edition-markdown/Vol 4, Page 385_441.md	glossary/subsets/Vol 4, Page 385_441.tsv
vol_4/markdown/[227]သင်္ခါရက္ခန္ဓကထာ အခန်း/[346]အကုသိုလ်စေတသိက် (၁၄) လုံး အပိုင်း/[437]၂။နိဿရဏတ္ထာပရိယတ် စာသင်နည်း.md	[227]行蕴论章/[346]不善心所（14）个篇	[437]	437	vol_4/English-First-Edition-markdown/Vol 4, Page 385_441.md	glossary/subsets/Vol 4, Page 385_441.tsv
vol_4/markdown/[227]သင်္ခါရက္ခန္ဓကထာ အခန်း/[346]အကုသိုလ်စေတသိက် (၁၄) လုံး အပိုင်း/[439]ဓမ္မာပိ ဝေါ ပဟာတဗ္ဗာ.md	[227]行蕴论章/[346]不善心所（14）个篇	[439]	439	vol_4/English-First-Edition-markdown/Vol 4, Page 385_441.md	glossary/subsets/Vol 4, Page 385_441.tsv
vol_4/markdown/[227]သင်္ခါရက္ခန္ဓကထာ အခန်း/[346]အကုသိုလ်စေတသိက် (၁၄) လုံး အပိုင်း/[441]ဘဏ္ဍာဂါရိက ပရိယတ္တိ စာသင်နည်း.md	[227]行蕴论章/[346]不善心所（14）个篇	[441]	441	vol_4/English-First-Edition-markdown/Vol 4, Page 385_441.md	glossary/subsets/Vol 4, Page 385_441.tsv
vol_4/markdown/[227]သင်္ခါရက္ခန္ဓကထာ အခန်း/[346]အကုသိုလ်စေတသိက် (၁၄) လုံး အပိုင်း/[447]ပရိယတ္တိမာန်စွယ်.md	[227]行蕴论章/[346]不善心所（14）个篇	[447]	447	vol_4/English-First-Edition-markdown/Vol 4, Page 442-463.md	glossary/subsets/Vol 4, Page 442-463.tsv
vol_4/markdown/[227]သင်္ခါရက္ခန္ဓကထာ အခန်း/[346]အကုသိုလ်စေတသိက် (၁၄) လုံး အပိုင်း/[448]ဗြဟ္မဒဏ် အပေးခံရခြင်း.md	[227]行蕴论章/[346]不善心所（14）个篇	[448]	448	vol_4/English-First-Edition-markdown/Vol 4, Page 442-463.md	glossary/subsets/Vol 4, Page 442-463.tsv
vol_4/markdown/[227]သင်္ခါရက္ခန္ဓကထာ အခန်း/[346]အကုသိုလ်စေတသိက် (၁၄) လုံး အပိုင်း/[449]၈။‌‌‌‌‌ဒေါသ.md	[227]行蕴论章/[346]不善心所（14）个篇	[449]	449	vol_4/English-First-Edition-markdown/Vol 4, Page 442-463.md	glossary/subsets/Vol 4, Page 442-463.tsv
vol_4/markdown/[227]သင်္ခါရက္ခန္ဓကထာ အခန်း/[346]အကုသိုလ်စေတသိက် (၁၄) လုံး အပိုင်း/[452]ပဒဋ္ဌာန် - အာဃာတဝတ္ထု(၉)ပါး,(၁၀)ပါး.md	[227]行蕴论章/[346]不善心所（14）个篇	[452]	452	vol_4/English-First-Edition-markdown/Vol 4, Page 442-463.md	glossary/subsets/Vol 4, Page 442-463.tsv
vol_4/markdown/[227]သင်္ခါရက္ခန္ဓကထာ အခန်း/[346]အကုသိုလ်စေတသိက် (၁၄) လုံး အပိုင်း/[454]အရှင်ဒေဝဒတ်၏ ဒေါသ.md	[227]行蕴论章/[346]不善心所（14）个篇	[454]	454	vol_4/English-First-Edition-markdown/Vol 4, Page 442-463.md	glossary/subsets/Vol 4, Page 442-463.tsv
vol_4/markdown/[227]သင်္ခါရက္ခန္ဓကထာ အခန်း/[346]အကုသိုလ်စေတသိက် (၁၄) လုံး အပိုင်း/[455]စူဠနန္ဒိယဇာတ်.md	[227]行蕴论章/[346]不善心所（14）个篇	[455]	455	vol_4/English-First-Edition-markdown/Vol 4, Page 442-463.md	glossary/subsets/Vol 4, Page 442-463.tsv
vol_4/markdown/[227]သင်္ခါရက္ခန္ဓကထာ အခန်း/[346]အကုသိုလ်စေတသိက် (၁၄) လုံး အပိုင်း/[459]အမျိုးသမီးတစ်ဦး၏ ဒေါသ.md	[227]行蕴论章/[346]不善心所（14）个篇	[459]	459	vol_4/English-First-Edition-markdown/Vol 4, Page 442-463.md	glossary/subsets/Vol 4, Page 442-463.tsv
vol_4/markdown/[227]သင်္ခါရက္ခန္ဓကထာ အခန်း/[346]အကုသိုလ်စေတသိက် (၁၄) လုံး အပိုင်း/[460]ကကစူပမ သုတ္တန်.md	[227]行蕴论章/[346]不善心所（14）个篇	[460]	460	vol_4/English-First-Edition-markdown/Vol 4, Page 442-463.md	glossary/subsets/Vol 4, Page 442-463.tsv
vol_4/markdown/[227]သင်္ခါရက္ခန္ဓကထာ အခန်း/[346]အကုသိုလ်စေတသိက် (၁၄) လုံး အပိုင်း/[469]မက္ခ - ပဠာသ.md	[227]行蕴论章/[346]不善心所（14）个篇	[469]	469	vol_4/English-First-Edition-markdown/Vol 4, Page 464-473.md	glossary/subsets/Vol 4, Page 464-473.tsv
vol_4/markdown/[227]သင်္ခါရက္ခန္ဓကထာ အခန်း/[346]အကုသိုလ်စေတသိက် (၁၄) လုံး အပိုင်း/[470]ဆရာသမား၏ ကျေးဇူးတော်.md	[227]行蕴论章/[346]不善心所（14）个篇	[470]	470	vol_4/English-First-Edition-markdown/Vol 4, Page 464-473.md	glossary/subsets/Vol 4, Page 464-473.tsv
vol_4/markdown/[227]သင်္ခါရက္ခန္ဓကထာ အခန်း/[346]အကုသိုလ်စေတသိက် (၁၄) လုံး အပိုင်း/[472]ပဠာသ.md	[227]行蕴论章/[346]不善心所（14）个篇	[472]	472	vol_4/English-First-Edition-markdown/Vol 4, Page 464-473.md	glossary/subsets/Vol 4, Page 464-473.tsv
vol_4/markdown/[227]သင်္ခါရက္ခန္ဓကထာ အခန်း/[346]အကုသိုလ်စေတသိက် (၁၄) လုံး အပိုင်း/[474]၉။ ဣဿာ.md	[227]行蕴论章/[346]不善心所（14）个篇	[474]	474	vol_4/English-First-Edition-markdown/vol 4, Page 474-500.md	glossary/subsets/vol 4, Page 474-500.tsv
vol_4/markdown/[227]သင်္ခါရက္ခန္ဓကထာ အခန်း/[346]အကုသိုလ်စေတသိက် (၁၄) လုံး အပိုင်း/[475]မြဂူကို မနာလိုသော ဝက်များ.md	[227]行蕴论章/[346]不善心所（14）个篇	[475]	475	vol_4/English-First-Edition-markdown/vol 4, Page 474-500.md	glossary/subsets/vol 4, Page 474-500.tsv
vol_4/markdown/[227]သင်္ခါရက္ခန္ဓကထာ အခန်း/[346]အကုသိုလ်စေတသိက် (၁၄) လုံး အပိုင်း/[476]အတ္တုက္ကံသန - ပရဝမ္ဘန.md	[227]行蕴论章/[346]不善心所（14）个篇	[476]	476	vol_4/English-First-Edition-markdown/vol 4, Page 474-500.md	glossary/subsets/vol 4, Page 474-500.tsv
vol_4/markdown/[227]သင်္ခါရက္ခန္ဓကထာ အခန်း/[346]အကုသိုလ်စေတသိက် (၁၄) လုံး အပိုင်း/[477](က)၁၀။မစ္ဆရိယ.md	[227]行蕴论章/[346]不善心所（14）个篇	[477]	477	vol_4/English-First-Edition-markdown/vol 4, Page 474-500.md	glossary/subsets/vol 4, Page 474-500.tsv
vol_4/markdown/[227]သင်္ခါရက္ခန္ဓကထာ အခန်း/[346]အကုသိုလ်စေတသိက် (၁၄) လုံး အပိုင်း/[477](ခ)မစ္ဆရိယ(၅)မျိုး.md	[227]行蕴论章/[346]不善心所（14）个篇	[477]	477	vol_4/English-First-Edition-markdown/vol 4, Page 474-500.md	glossary/subsets/vol 4, Page 474-500.tsv
vol_4/markdown/[227]သင်္ခါရက္ခန္ဓကထာ အခန်း/[346]အကုသိုလ်စေတသိက် (၁၄) လုံး အပိုင်း/[484]ဇမ္ဗုကမထေရ်အလောင်း .md	[227]行蕴论章/[346]不善心所（14）个篇	[484]	484	vol_4/English-First-Edition-markdown/vol 4, Page 474-500.md	glossary/subsets/vol 4, Page 474-500.tsv
vol_4/markdown/[227]သင်္ခါရက္ခန္ဓကထာ အခန်း/[346]အကုသိုလ်စေတသိက် (၁၄) လုံး အပိုင်း/[487]ဆတ္တပါဏိလုလင်.md	[227]行蕴论章/[346]不善心所（14）个篇	[487]	487	vol_4/English-First-Edition-markdown/vol 4, Page 474-500.md	glossary/subsets/vol 4, Page 474-500.tsv
vol_4/markdown/[227]သင်္ခါရက္ခန္ဓကထာ အခန်း/[346]အကုသိုလ်စေတသိက် (၁၄) လုံး အပိုင်း/[488]ဆတ္တပါဏိလုလင်၌ ပြည့်စုံနေသော အင်္ဂါလေးပါး.md	[227]行蕴论章/[346]不善心所（14）个篇	[488]	488	vol_4/English-First-Edition-markdown/vol 4, Page 474-500.md	glossary/subsets/vol 4, Page 474-500.tsv
vol_4/markdown/[227]သင်္ခါရက္ခန္ဓကထာ အခန်း/[346]အကုသိုလ်စေတသိက် (၁၄) လုံး အပိုင်း/[489]၁။ငြူစူခြင်း ဣဿာတရား မရှိရခြင်း အကြောင်း.md	[227]行蕴论章/[346]不善心所（14）个篇	[489]	489	vol_4/English-First-Edition-markdown/vol 4, Page 474-500.md	glossary/subsets/vol 4, Page 474-500.tsv
vol_4/markdown/[227]သင်္ခါရက္ခန္ဓကထာ အခန်း/[346]အကုသိုလ်စေတသိက် (၁၄) လုံး အပိုင်း/[491]၂။အရက် မသောက်ခြင်း အကြောင်း.md	[227]行蕴论章/[346]不善心所（14）个篇	[491]	491	vol_4/English-First-Edition-markdown/vol 4, Page 474-500.md	glossary/subsets/vol 4, Page 474-500.tsv
vol_4/markdown/[227]သင်္ခါရက္ခန္ဓကထာ အခန်း/[346]အကုသိုလ်စေတသိက် (၁၄) လုံး အပိုင်း/[492]၃။မည်သူ့ကိုမျှ မချစ်တတ်ခြင်း၏ အကြောင်းရင်း.md	[227]行蕴论章/[346]不善心所（14）个篇	[492]	492	vol_4/English-First-Edition-markdown/vol 4, Page 474-500.md	glossary/subsets/vol 4, Page 474-500.tsv
vol_4/markdown/[227]သင်္ခါရက္ခန္ဓကထာ အခန်း/[346]အကုသိုလ်စေတသိက် (၁၄) လုံး အပိုင်း/[494]၄။မည်သူ့ကိုမျှ အမျက်မထွက်ခြင်း မမုန်းတီးခြင်းအကြောင်း.md	[227]行蕴论章/[346]不善心所（14）个篇	[494]	494	vol_4/English-First-Edition-markdown/vol 4, Page 474-500.md	glossary/subsets/vol 4, Page 474-500.tsv
vol_4/markdown/[227]သင်္ခါရက္ခန္ဓကထာ အခန်း/[346]အကုသိုလ်စေတသိက် (၁၄) လုံး အပိုင်း/[496]၁၁။ကုက္ကုစ္စ.md	[227]行蕴论章/[346]不善心所（14）个篇	[496]	496	vol_4/English-First-Edition-markdown/vol 4, Page 474-500.md	glossary/subsets/vol 4, Page 474-500.tsv
vol_4/markdown/[227]သင်္ခါရက္ခန္ဓကထာ အခန်း/[346]အကုသိုလ်စေတသိက် (၁၄) လုံး အပိုင်း/[498]ကျွန်နှင့်တူသည်.md	[227]行蕴论章/[346]不善心所（14）个篇	[498]	498	vol_4/English-First-Edition-markdown/vol 4, Page 474-500.md	glossary/subsets/vol 4, Page 474-500.tsv
vol_4/markdown/[227]သင်္ခါရက္ခန္ဓကထာ အခန်း/[346]အကုသိုလ်စေတသိက် (၁၄) လုံး အပိုင်း/[499]ကုက္ကုစ္စဖြစ်တတ်ပုံ တစ်မျိုး.md	[227]行蕴论章/[346]不善心所（14）个篇	[499]	499	vol_4/English-First-Edition-markdown/vol 4, Page 474-500.md	glossary/subsets/vol 4, Page 474-500.tsv
vol_4/markdown/[227]သင်္ခါရက္ခန္ဓကထာ အခန်း/[346]အကုသိုလ်စေတသိက် (၁၄) လုံး အပိုင်း/[500]a ကုက္ကုစ္စ(၃)မျိုး.md	[227]行蕴论章/[346]不善心所（14）个篇	[500]a	500	vol_4/English-First-Edition-markdown/vol 4, Page 474-500.md	glossary/subsets/vol 4, Page 474-500.tsv
vol_4/markdown/[227]သင်္ခါရက္ခန္ဓကထာ အခန်း/[346]အကုသိုလ်စေတသိက် (၁၄) လုံး အပိုင်း/[500]a နောင်မှ နောင်တရပုံ.md	[227]行蕴论章/[346]不善心所（14）个篇	[500]a	500	vol_4/English-First-Edition-markdown/vol 4, Page 474-500.md	glossary/subsets/vol 4, Page 474-500.tsv
vol_4/markdown/[227]သင်္ခါရက္ခန္ဓကထာ အခန်း/[346]အကုသိုလ်စေတသိက် (၁၄) လုံး အပိုင်း/[501]အချိန်ရှိခိုက် လုံ့လစိုက်ပါ.md	[227]行蕴论章/[346]不善心所（14）个篇	[501]	501	vol_4/English-First-Edition-markdown/vol 4, Page 501-550.md	glossary/subsets/vol 4, Page 501-550.tsv
vol_4/markdown/[227]သင်္ခါရက္ခန္ဓကထာ အခန်း/[346]အကုသိုလ်စေတသိက် (၁၄) လုံး အပိုင်း/[504]၁၂။ထိန.md	[227]行蕴论章/[346]不善心所（14）个篇	[504]	504	vol_4/English-First-Edition-markdown/vol 4, Page 501-550.md	glossary/subsets/vol 4, Page 501-550.tsv
vol_4/markdown/[227]သင်္ခါရက္ခန္ဓကထာ အခန်း/[346]အကုသိုလ်စေတသိက် (၁၄) လုံး အပိုင်း/[504]၁၃။မိဒ္ဓ.md	[227]行蕴论章/[346]不善心所（14）个篇	[504]	504	vol_4/English-First-Edition-markdown/vol 4, Page 501-550.md	glossary/subsets/vol 4, Page 501-550.tsv
vol_4/markdown/[227]သင်္ခါရက္ခန္ဓကထာ အခန်း/[346]အကုသိုလ်စေတသိက် (၁၄) လုံး အပိုင်း/[507]၁၄။ဝိစိကိစ္ဆာ.md	[227]行蕴论章/[346]不善心所（14）个篇	[507]	507	vol_4/English-First-Edition-markdown/vol 4, Page 501-550.md	glossary/subsets/vol 4, Page 501-550.tsv
vol_4/markdown/[227]သင်္ခါရက္ခန္ဓကထာ အခန်း/[346]အကုသိုလ်စေတသိက် (၁၄) လုံး အပိုင်း/[508]သံသယလက္ခဏာ.md	[227]行蕴论章/[346]不善心所（14）个篇	[508]	508	vol_4/English-First-Edition-markdown/vol 4, Page 501-550.md	glossary/subsets/vol 4, Page 501-550.tsv
vol_4/markdown/[227]သင်္ခါရက္ခန္ဓကထာ အခန်း/[346]အကုသိုလ်စေတသိက် (၁၄) လုံး အပိုင်း/[512]ကိလေသာ အသေးအဖွဲ.md	[227]行蕴论章/[346]不善心所（14）个篇	[512]	512	vol_4/English-First-Edition-markdown/vol 4, Page 501-550.md	glossary/subsets/vol 4, Page 501-550.tsv
vol_4/markdown/[227]သင်္ခါရက္ခန္ဓကထာ အခန်း/[346]အကုသိုလ်စေတသိက် (၁၄) လုံး အပိုင်း/[514]အမ္ဗလဋ္ဌိက ရာဟုလောဝါဒသုတ္တန်.md	[227]行蕴论章/[346]不善心所（14）个篇	[514]	514	vol_4/English-First-Edition-markdown/vol 4, Page 501-550.md	glossary/subsets/vol 4, Page 501-550.tsv
vol_4/markdown/[227]သင်္ခါရက္ခန္ဓကထာ အခန်း/[522]သောဘဏစေတသိက် (၂၅) လုံး/[522]a-သောဘဏစေတသိက် (၂၅) လုံး အပိုင်း.md	[227]行蕴论章/[522]美心所（25）个	[522]a	522	vol_4/English-First-Edition-markdown/vol 4, Page 501-550.md	glossary/subsets/vol 4, Page 501-550.tsv
vol_4/markdown/[227]သင်္ခါရက္ခန္ဓကထာ အခန်း/[522]သောဘဏစေတသိက် (၂၅) လုံး/[522]b-၁။ သဒ္ဓါ.md	[227]行蕴论章/[522]美心所（25）个	[522]b	522	vol_4/English-First-Edition-markdown/vol 4, Page 501-550.md	glossary/subsets/vol 4, Page 501-550.tsv
vol_4/markdown/[227]သင်္ခါရက္ခန္ဓကထာ အခန်း/[522]သောဘဏစေတသိက် (၂၅) လုံး/[532]a ဟတ္ထ-ဝတ္တ-ဗီဇနှင့်တူပုံ.md	[227]行蕴论章/[522]美心所（25）个	[532]a	532	vol_4/English-First-Edition-markdown/vol 4, Page 501-550.md	glossary/subsets/vol 4, Page 501-550.tsv
vol_4/markdown/[227]သင်္ခါရက္ခန္ဓကထာ အခန်း/[522]သောဘဏစေတသိက် (၂၅) လုံး/[532]b သဒ္ဒါနှင့် ပေမ ‌ရောနှောတတ်ပုံ.md	[227]行蕴论章/[522]美心所（25）个	[532]b	532	vol_4/English-First-Edition-markdown/vol 4, Page 501-550.md	glossary/subsets/vol 4, Page 501-550.tsv
vol_4/markdown/[227]သင်္ခါရက္ခန္ဓကထာ အခန်း/[522]သောဘဏစေတသိက် (၂၅) လုံး/[534]၂။သတိ.md	[227]行蕴论章/[522]美心所（25）个	[534]	534	vol_4/English-First-Edition-markdown/vol 4, Page 501-550.md	glossary/subsets/vol 4, Page 501-550.tsv
vol_4/markdown/[227]သင်္ခါရက္ခန္ဓကထာ အခန်း/[522]သောဘဏစေတသိက် (၂၅) လုံး/[541]a မြို့တံခါးတိုင်ကြီးများနှင့်တူ၏.md	[227]行蕴论章/[522]美心所（25）个	[541]a	541	vol_4/English-First-Edition-markdown/vol 4, Page 501-550.md	glossary/subsets/vol 4, Page 501-550.tsv
vol_4/markdown/[227]သင်္ခါရက္ခန္ဓကထာ အခန်း/[522]သောဘဏစေတသိက် (၂၅) လုံး/[541]b သတိနှင့်မနသိကာရ.md	[227]行蕴论章/[522]美心所（25）个	[541]b	541	vol_4/English-First-Edition-markdown/vol 4, Page 501-550.md	glossary/subsets/vol 4, Page 501-550.tsv
vol_4/markdown/[227]သင်္ခါရက္ခန္ဓကထာ အခန်း/[522]သောဘဏစေတသိက် (၂၅) လုံး/[541]c ၃။ဟိရီ.md	[227]行蕴论章/[522]美心所（25）个	[541]c	541	vol_4/English-First-Edition-markdown/vol 4, Page 501-550.md	glossary/subsets/vol 4, Page 501-550.tsv
vol_4/markdown/[227]သင်္ခါရက္ခန္ဓကထာ အခန်း/[522]သောဘဏစေတသိက် (၂၅) လုံး/[542]၄။ဩတ္တပ္ပ .md	[227]行蕴论章/[522]美心所（25）个	[542]	542	vol_4/English-First-Edition-markdown/vol 4, Page 501-550.md	glossary/subsets/vol 4, Page 501-550.tsv
vol_4/markdown/[227]သင်္ခါရက္ခန္ဓကထာ အခန်း/[522]သောဘဏစေတသိက် (၂၅) လုံး/[545]၃။(က)လဇ္ဇာသဘာဝသဏ္ဌိတာ ဟိရီ၊(ခ)ဘယသဘာဝသဏ္ဌိတံ သြတ္တပ္ပံ။.md	[227]行蕴论章/[522]美心所（25）个	[545]	545	vol_4/English-First-Edition-markdown/vol 4, Page 501-550.md	glossary/subsets/vol 4, Page 501-550.tsv
vol_4/markdown/[227]သင်္ခါရက္ခန္ဓကထာ အခန်း/[522]သောဘဏစေတသိက် (၂၅) လုံး/[546]၄။(က)သပ္ပတိဿဝလက္ခဏာ ဟိရီ၊ (ခ)ဝဇ္ဇဘီရုကဘယဒဿာဝိလက္ခဏံ ဩတ္တပ္ပံ.md	[227]行蕴论章/[522]美心所（25）个	[546]	546	vol_4/English-First-Edition-markdown/vol 4, Page 501-550.md	glossary/subsets/vol 4, Page 501-550.tsv
vol_4/markdown/[227]သင်္ခါရက္ခန္ဓကထာ အခန်း/[522]သောဘဏစေတသိက် (၂၅) လုံး/[550]၅။အလောဘ.md	[227]行蕴论章/[522]美心所（25）个	[550]	550	vol_4/English-First-Edition-markdown/vol 4, Page 501-550.md	glossary/subsets/vol 4, Page 501-550.tsv
vol_4/markdown/[227]သင်္ခါရက္ခန္ဓကထာ အခန်း/[522]သောဘဏစေတသိက် (၂၅) လုံး/[553]လောဘသမား နှင့် အလောဘသမား.md	[227]行蕴论章/[522]美心所（25）个	[553]	553	vol_4/English-First-Edition-markdown/vol 4, Page 551-600.md	glossary/subsets/vol 4, Page 551-600.tsv
vol_4/markdown/[227]သင်္ခါရက္ခန္ဓကထာ အခန်း/[522]သောဘဏစေတသိက် (၂၅) လုံး/[555]၆။အဒေါသ.md	[227]行蕴论章/[522]美心所（25）个	[555]	555	vol_4/English-First-Edition-markdown/vol 4, Page 551-600.md	glossary/subsets/vol 4, Page 551-600.tsv
vol_4/markdown/[227]သင်္ခါရက္ခန္ဓကထာ အခန်း/[522]သောဘဏစေတသိက် (၂၅) လုံး/[557]၂၅။အမောဟ = ပညိန္ဒြေ.md	[227]行蕴论章/[522]美心所（25）个	[557]	557	vol_4/English-First-Edition-markdown/vol 4, Page 551-600.md	glossary/subsets/vol 4, Page 551-600.tsv
vol_4/markdown/[227]သင်္ခါရက္ခန္ဓကထာ အခန်း/[522]သောဘဏစေတသိက် (၂၅) လုံး/[562]မူလအမည်ရပုံ.md	[227]行蕴论章/[522]美心所（25）个	[562]	562	vol_4/English-First-Edition-markdown/vol 4, Page 551-600.md	glossary/subsets/vol 4, Page 551-600.tsv
vol_4/markdown/[227]သင်္ခါရက္ခန္ဓကထာ အခန်း/[522]သောဘဏစေတသိက် (၂၅) လုံး/[563]ကုသလမူလတရားတို့၏ မှတ်သားဖွယ်ရာများ.md	[227]行蕴论章/[522]美心所（25）个	[563]	563	vol_4/English-First-Edition-markdown/vol 4, Page 551-600.md	glossary/subsets/vol 4, Page 551-600.tsv
vol_4/markdown/[227]သင်္ခါရက္ခန္ဓကထာ အခန်း/[522]သောဘဏစေတသိက် (၂၅) လုံး/[569]အလောင်းတော်၏ အလောဘ အဒေါသ အမောဟ.md	[227]行蕴论章/[522]美心所（25）个	[569]	569	vol_4/English-First-Edition-markdown/vol 4, Page 551-600.md	glossary/subsets/vol 4, Page 551-600.tsv
vol_4/markdown/[227]သင်္ခါရက္ခန္ဓကထာ အခန်း/[522]သောဘဏစေတသိက် (၂၅) လုံး/[571]၇။တတြမဇ္စျတ္တတာ.md	[227]行蕴论章/[522]美心所（25）个	[571]	571	vol_4/English-First-Edition-markdown/vol 4, Page 551-600.md	glossary/subsets/vol 4, Page 551-600.tsv
vol_4/markdown/[227]သင်္ခါရက္ခန္ဓကထာ အခန်း/[522]သောဘဏစေတသိက် (၂၅) လုံး/[573]၈-၉။ကာယပဿဒ္ဓိ+စိတ္တပဿဒ္ဓိ.md	[227]行蕴论章/[522]美心所（25）个	[573]	573	vol_4/English-First-Edition-markdown/vol 4, Page 551-600.md	glossary/subsets/vol 4, Page 551-600.tsv
vol_4/markdown/[227]သင်္ခါရက္ခန္ဓကထာ အခန်း/[522]သောဘဏစေတသိက် (၂၅) လုံး/[574] ၁၀ - ၁၁။ ကာယလဟုတာ + စိတ္တလဟုတာ.md	[227]行蕴论章/[522]美心所（25）个	[574]	574	vol_4/English-First-Edition-markdown/vol 4, Page 551-600.md	glossary/subsets/vol 4, Page 551-600.tsv
vol_4/markdown/[227]သင်္ခါရက္ခန္ဓကထာ အခန်း/[522]သောဘဏစေတသိက် (၂၅) လုံး/[575] ၁၂ - ၁၃။ ကာယမုဒုတာ + စိတ္တမုဒုတာ.md	[227]行蕴论章/[522]美心所（25）个	[575]	575	vol_4/English-First-Edition-markdown/vol 4, Page 551-600.md	glossary/subsets/vol 4, Page 551-600.tsv
vol_4/markdown/[227]သင်္ခါရက္ခန္ဓကထာ အခန်း/[522]သောဘဏစေတသိက် (၂၅) လုံး/[577] ၁၄ - ၁၅။ ကာယကမ္မညတာ + စိတ္တကမ္မညတာ.md	[227]行蕴论章/[522]美心所（25）个	[577]	577	vol_4/English-First-Edition-markdown/vol 4, Page 551-600.md	glossary/subsets/vol 4, Page 551-600.tsv
vol_4/markdown/[227]သင်္ခါရက္ခန္ဓကထာ အခန်း/[522]သောဘဏစေတသိက် (၂၅) လုံး/[579] ၁၆ - ၁၇။ ကာယပါဂုညတာ + စိတ္တပါဂုညတာ.md	[227]行蕴论章/[522]美心所（25）个	[579]	579	vol_4/English-First-Edition-markdown/vol 4, Page 551-600.md	glossary/subsets/vol 4, Page 551-600.tsv
vol_4/markdown/[227]သင်္ခါရက္ခန္ဓကထာ အခန်း/[522]သောဘဏစေတသိက် (၂၅) လုံး/[580] ၁၈ - ၁၉။ ကာယုဇုကတာ + စိတ္တုဇုကတာ.md	[227]行蕴论章/[522]美心所（25）个	[580]	580	vol_4/English-First-Edition-markdown/vol 4, Page 551-600.md	glossary/subsets/vol 4, Page 551-600.tsv
vol_4/markdown/[227]သင်္ခါရက္ခန္ဓကထာ အခန်း/[522]သောဘဏစေတသိက် (၂၅) လုံး/[581] မာယာ - သာဌေယျ.md	[227]行蕴论章/[522]美心所（25）个	[581]	581	vol_4/English-First-Edition-markdown/vol 4, Page 551-600.md	glossary/subsets/vol 4, Page 551-600.tsv
vol_4/markdown/[227]သင်္ခါရက္ခန္ဓကထာ အခန်း/[522]သောဘဏစေတသိက် (၂၅) လုံး/[582]a ၂၀ - ၂၁ - ၂၂။ ဝိရတိစေတသိက် သုံးပါး.md	[227]行蕴论章/[522]美心所（25）个	[582]a	582	vol_4/English-First-Edition-markdown/vol 4, Page 551-600.md	glossary/subsets/vol 4, Page 551-600.tsv
vol_4/markdown/[227]သင်္ခါရက္ခန္ဓကထာ အခန်း/[522]သောဘဏစေတသိက် (၂၅) လုံး/[582]b ၂၀။ သမ္မာဝါစာ.md	[227]行蕴论章/[522]美心所（25）个	[582]b	582	vol_4/English-First-Edition-markdown/vol 4, Page 551-600.md	glossary/subsets/vol 4, Page 551-600.tsv
vol_4/markdown/[227]သင်္ခါရက္ခန္ဓကထာ အခန်း/[522]သောဘဏစေတသိက် (၂၅) လုံး/[583]a ၂၁။ သမ္မာကမ္မန္တ.md	[227]行蕴论章/[522]美心所（25）个	[583]a	583	vol_4/English-First-Edition-markdown/vol 4, Page 551-600.md	glossary/subsets/vol 4, Page 551-600.tsv
vol_4/markdown/[227]သင်္ခါရက္ခန္ဓကထာ အခန်း/[522]သောဘဏစေတသိက် (၂၅) လုံး/[583]b ၂၂။ သမ္မာအာဇီဝ.md	[227]行蕴论章/[522]美心所（25）个	[583]b	583	vol_4/English-First-Edition-markdown/vol 4, Page 551-600.md	glossary/subsets/vol 4, Page 551-600.tsv
vol_4/markdown/[227]သင်္ခါရက္ခန္ဓကထာ အခန်း/[522]သောဘဏစေတသိက် (၂၅) လုံး/[586] ဝိရတိအပြား.md	[227]行蕴论章/[522]美心所（25）个	[586]	586	vol_4/English-First-Edition-markdown/vol 4, Page 551-600.md	glossary/subsets/vol 4, Page 551-600.tsv
vol_4/markdown/[227]သင်္ခါရက္ခန္ဓကထာ အခန်း/[587]ဗြဟ္မဝိဟာရ စေတသိက်များ/[587] ဗြဟ္မဝိဟာရ စေတသိက်များ.md	[227]行蕴论章/[587]梵住心所	[587]	587	vol_4/English-First-Edition-markdown/vol 4, Page 551-600.md	glossary/subsets/vol 4, Page 551-600.tsv
vol_4/markdown/[227]သင်္ခါရက္ခန္ဓကထာ အခန်း/[587]ဗြဟ္မဝိဟာရ စေတသိက်များ/[587]b မေတ္တာ (= အဒေါသ).md	[227]行蕴论章/[587]梵住心所	[587]b	587	vol_4/English-First-Edition-markdown/vol 4, Page 551-600.md	glossary/subsets/vol 4, Page 551-600.tsv
vol_4/markdown/[227]သင်္ခါရက္ခန္ဓကထာ အခန်း/[587]ဗြဟ္မဝိဟာရ စေတသိက်များ/[588] ၂၃။ ကရုဏာ.md	[227]行蕴论章/[587]梵住心所	[588]	588	vol_4/English-First-Edition-markdown/vol 4, Page 551-600.md	glossary/subsets/vol 4, Page 551-600.tsv
vol_4/markdown/[227]သင်္ခါရက္ခန္ဓကထာ အခန်း/[587]ဗြဟ္မဝိဟာရ စေတသိက်များ/[590] ၂၄။ မုဒိတာ.md	[227]行蕴论章/[587]梵住心所	[590]	590	vol_4/English-First-Edition-markdown/vol 4, Page 551-600.md	glossary/subsets/vol 4, Page 551-600.tsv
vol_4/markdown/[227]သင်္ခါရက္ခန္ဓကထာ အခန်း/[587]ဗြဟ္မဝိဟာရ စေတသိက်များ/[592] ဥပေက္ခာ ဗြဟ္မဝိဟာရ.md	[227]行蕴论章/[587]梵住心所	[592]	592	vol_4/English-First-Edition-markdown/vol 4, Page 551-600.md	glossary/subsets/vol 4, Page 551-600.tsv
vol_4/markdown/[227]သင်္ခါရက္ခန္ဓကထာ အခန်း/[587]ဗြဟ္မဝိဟာရ စေတသိက်များ/[595] နာမ်တရားများကို လက္ခဏ ရသ ပစ္စုပဋ္ဌာန် ပဒဋ္ဌာန်အားဖြင့် သိမ်းဆည်းရှုပွားပုံစနစ်.md	[227]行蕴论章/[587]梵住心所	[595]	595	vol_4/English-First-Edition-markdown/vol 4, Page 551-600.md	glossary/subsets/vol 4, Page 551-600.tsv
vol_4/markdown/[227]သင်္ခါရက္ခန္ဓကထာ အခန်း/[587]ဗြဟ္မဝိဟာရ စေတသိက်များ/[596] ရူပါရုံလိုင်း နာမ်တရားများကို သိမ်းဆည်းပုံ အမြွက်.md	[227]行蕴论章/[587]梵住心所	[596]	596	vol_4/English-First-Edition-markdown/vol 4, Page 551-600.md	glossary/subsets/vol 4, Page 551-600.tsv
vol_4/markdown/[599]ပဋိစ္စသမုပ္ပါဒ်အင်္ဂါရပ်များ အခန်း/[599]a ပဋိစ္စသမုပ္ပါဒ်အင်္ဂါရပ်များ အခန်း.md	[599]缘起支分章	[599]a	599	vol_4/English-First-Edition-markdown/vol 4, Page 551-600.md	glossary/subsets/vol 4, Page 551-600.tsv
vol_4/markdown/[599]ပဋိစ္စသမုပ္ပါဒ်အင်္ဂါရပ်များ အခန်း/[599]b ၁။ အဝိဇ္ဇာ.md	[599]缘起支分章	[599]b	599	vol_4/English-First-Edition-markdown/vol 4, Page 551-600.md	glossary/subsets/vol 4, Page 551-600.tsv
vol_4/markdown/[599]ပဋိစ္စသမုပ္ပါဒ်အင်္ဂါရပ်များ အခန်း/[600] ၂။ သင်္ခါရ.md	[599]缘起支分章	[600]	600	vol_4/English-First-Edition-markdown/vol 4, Page 551-600.md	glossary/subsets/vol 4, Page 551-600.tsv
vol_4/markdown/[599]ပဋိစ္စသမုပ္ပါဒ်အင်္ဂါရပ်များ အခန်း/[601] ၃။ ဝိညာဏ်.md	[599]缘起支分章	[601]	601	vol_4/English-First-Edition-markdown/vol 4, Page 601-627.md	glossary/subsets/vol 4, Page 601-627.tsv
vol_4/markdown/[599]ပဋိစ္စသမုပ္ပါဒ်အင်္ဂါရပ်များ အခန်း/[602]a ၄။ (နာမ်+ရုပ်)မှ-ရုပ်=စေတသိက်.md	[599]缘起支分章	[602]a	602	vol_4/English-First-Edition-markdown/vol 4, Page 601-627.md	glossary/subsets/vol 4, Page 601-627.tsv
vol_4/markdown/[599]ပဋိစ္စသမုပ္ပါဒ်အင်္ဂါရပ်များ အခန်း/[602]b (နာမ်+ရုပ်)မှ-ရုပ်.md	[599]缘起支分章	[602]b	602	vol_4/English-First-Edition-markdown/vol 4, Page 601-627.md	glossary/subsets/vol 4, Page 601-627.tsv
vol_4/markdown/[599]ပဋိစ္စသမုပ္ပါဒ်အင်္ဂါရပ်များ အခန်း/[604]၅။ သဠှာယတန.md	[599]缘起支分章	[604]	604	vol_4/English-First-Edition-markdown/vol 4, Page 601-627.md	glossary/subsets/vol 4, Page 601-627.tsv
vol_4/markdown/[599]ပဋိစ္စသမုပ္ပါဒ်အင်္ဂါရပ်များ အခန်း/[606]၆။ ဖဿ.md	[599]缘起支分章	[606]	606	vol_4/English-First-Edition-markdown/vol 4, Page 601-627.md	glossary/subsets/vol 4, Page 601-627.tsv
vol_4/markdown/[599]ပဋိစ္စသမုပ္ပါဒ်အင်္ဂါရပ်များ အခန်း/[608]၇။ ဝေဒနာ.md	[599]缘起支分章	[608]	608	vol_4/English-First-Edition-markdown/vol 4, Page 601-627.md	glossary/subsets/vol 4, Page 601-627.tsv
vol_4/markdown/[599]ပဋိစ္စသမုပ္ပါဒ်အင်္ဂါရပ်များ အခန်း/[610]၈။ တဏှာ.md	[599]缘起支分章	[610]	610	vol_4/English-First-Edition-markdown/vol 4, Page 601-627.md	glossary/subsets/vol 4, Page 601-627.tsv
vol_4/markdown/[599]ပဋိစ္စသမုပ္ပါဒ်အင်္ဂါရပ်များ အခန်း/[612]၉။ ဥပါဒါန.md	[599]缘起支分章	[612]	612	vol_4/English-First-Edition-markdown/vol 4, Page 601-627.md	glossary/subsets/vol 4, Page 601-627.tsv
vol_4/markdown/[599]ပဋိစ္စသမုပ္ပါဒ်အင်္ဂါရပ်များ အခန်း/[613]၁၀။ ဘဝ.md	[599]缘起支分章	[613]	613	vol_4/English-First-Edition-markdown/vol 4, Page 601-627.md	glossary/subsets/vol 4, Page 601-627.tsv
vol_4/markdown/[599]ပဋိစ္စသမုပ္ပါဒ်အင်္ဂါရပ်များ အခန်း/[614]၁၁။ ဇာတိ.md	[599]缘起支分章	[614]	614	vol_4/English-First-Edition-markdown/vol 4, Page 601-627.md	glossary/subsets/vol 4, Page 601-627.tsv
vol_4/markdown/[599]ပဋိစ္စသမုပ္ပါဒ်အင်္ဂါရပ်များ အခန်း/[615]၁၂။ ဇရာ.md	[599]缘起支分章	[615]	615	vol_4/English-First-Edition-markdown/vol 4, Page 601-627.md	glossary/subsets/vol 4, Page 601-627.tsv
vol_4/markdown/[599]ပဋိစ္စသမုပ္ပါဒ်အင်္ဂါရပ်များ အခန်း/[616] မရဏ.md	[599]缘起支分章	[616]	616	vol_4/English-First-Edition-markdown/vol 4, Page 601-627.md	glossary/subsets/vol 4, Page 601-627.tsv
vol_4/markdown/[599]ပဋိစ္စသမုပ္ပါဒ်အင်္ဂါရပ်များ အခန်း/[617] သောက.md	[599]缘起支分章	[617]	617	vol_4/English-First-Edition-markdown/vol 4, Page 601-627.md	glossary/subsets/vol 4, Page 601-627.tsv
vol_4/markdown/[599]ပဋိစ္စသမုပ္ပါဒ်အင်္ဂါရပ်များ အခန်း/[619] (က) ပရိဒေဝ.md	[599]缘起支分章	[619]	619	vol_4/English-First-Edition-markdown/vol 4, Page 601-627.md	glossary/subsets/vol 4, Page 601-627.tsv
vol_4/markdown/[599]ပဋိစ္စသမုပ္ပါဒ်အင်္ဂါရပ်များ အခန်း/[619] (ခ) ဒုက္ခ.md	[599]缘起支分章	[619]	619	vol_4/English-First-Edition-markdown/vol 4, Page 601-627.md	glossary/subsets/vol 4, Page 601-627.tsv
vol_4/markdown/[599]ပဋိစ္စသမုပ္ပါဒ်အင်္ဂါရပ်များ အခန်း/[620] (က) ဒေါမနဿ.md	[599]缘起支分章	[620]	620	vol_4/English-First-Edition-markdown/vol 4, Page 601-627.md	glossary/subsets/vol 4, Page 601-627.tsv
vol_4/markdown/[599]ပဋိစ္စသမုပ္ပါဒ်အင်္ဂါရပ်များ အခန်း/[620] (ခ) ဥပါယာသ.md	[599]缘起支分章	[620]	620	vol_4/English-First-Edition-markdown/vol 4, Page 601-627.md	glossary/subsets/vol 4, Page 601-627.tsv
vol_4/markdown/[599]ပဋိစ္စသမုပ္ပါဒ်အင်္ဂါရပ်များ အခန်း/[621] သောက ပရိဒေဝ ဒုက္ခ ဒေါမနဿ ဥပါယာသ.md	[599]缘起支分章	[621]	621	vol_4/English-First-Edition-markdown/vol 4, Page 601-627.md	glossary/subsets/vol 4, Page 601-627.tsv
vol_4/markdown/[599]ပဋိစ္စသမုပ္ပါဒ်အင်္ဂါရပ်များ အခန်း/[622] အနနုသောစိယဇာတ်တော်.md	[599]缘起支分章	[622]	622	vol_4/English-First-Edition-markdown/vol 4, Page 601-627.md	glossary/subsets/vol 4, Page 601-627.tsv
vol_4/markdown/[599]ပဋိစ္စသမုပ္ပါဒ်အင်္ဂါရပ်များ အခန်း/[624] စူဠဗောဓိဇာတ်တော်.md	[599]缘起支分章	[624]	624	vol_4/English-First-Edition-markdown/vol 4, Page 601-627.md	glossary/subsets/vol 4, Page 601-627.tsv
vol_4/markdown/[599]ပဋိစ္စသမုပ္ပါဒ်အင်္ဂါရပ်များ အခန်း/[626] (က) ပဋိစ္စသမုပ္ပါဒ်အင်္ဂါရပ်တို့၌ လက္ခဏ-ရသ စသည်ရှုပုံစနစ်.md	[599]缘起支分章	[626]	626	vol_4/English-First-Edition-markdown/vol 4, Page 601-627.md	glossary/subsets/vol 4, Page 601-627.tsv
vol_4/markdown/[599]ပဋိစ္စသမုပ္ပါဒ်အင်္ဂါရပ်များ အခန်း/[627] ကြိုတင်ပြင်ဆင်ပါ.md	[599]缘起支分章	[627]	627	vol_4/English-First-Edition-markdown/vol 4, Page 601-627.md	glossary/subsets/vol 4, Page 601-627.tsv
